{"brain_00": -0.014554716588031067, "0.6349592321111862": 0.2543044335529347, "0.8210488909629953": -0.172813064713493, "brain_01": 0.006086460528084264, "brain_02": 0.29969820794078145, "wink_brain": 0.25486312615665513, "0.4067244585938651": 0.4796529386194647, "0.8988045338096603": 0.0301296407543202, "0.5249741130812688": -0.3059222363051657, "0.07868536842710183": 0.15847253589949417, "0.280007570374324": 0.36973419669344204, "0.5453619208071304": 0.20086016505698526, "0.9279626581734067": 0.1373525540720409, "1.1294569307194757": -0.19400231160293452, "0.3085724800052013": -0.2180171836418276, "0.05641751770279546": 0.16654708480412145, "0.32865807370655775": 0.47708161077915884, "0.6064922841269196": -0.3350071468668902, "0.6171249109337857": -0.22469410572877058, "0.771401126398078": 0.1308001691987557}