{
<<<<<<< HEAD
  "time": 1776218743.1967187,
=======
  "time": 1776175909.524927,
>>>>>>> 71d54e39cdfcdd1862cc6c05708474c3317e4251
  "processes": [
    "Brain_00_v10.py",
    "Brain_11_v10.py",
    "Brain_22_v10.py",
    "brain_01.py",
    "brain_02.py",
    "ParallelBrain.py",
    "wink_brain.py"
  ],
  "scores": {},
  "heartbeats": {
<<<<<<< HEAD
    "Brain_00_v10.py": 1776218742.9515748,
    "Brain_11_v10.py": 1776218742.9789524,
    "Brain_22_v10.py": 1776218743.0255485,
    "brain_01.py": 1776218743.0662959,
    "brain_02.py": 1776218743.0897388,
    "ParallelBrain.py": 1776218743.112918,
    "wink_brain.py": 1776218743.1618032
=======
    "Brain_00_v10.py": 1776175909.3000278,
    "Brain_11_v10.py": 1776175909.3272393,
    "Brain_22_v10.py": 1776175909.3511922,
    "brain_01.py": 1776175909.3717022,
    "brain_02.py": 1776175909.4036388,
    "ParallelBrain.py": 1776175909.4517183,
    "wink_brain.py": 1776175909.4876807
>>>>>>> 71d54e39cdfcdd1862cc6c05708474c3317e4251
  }
}