{
  "time": 1776218743.1967187,
  "processes": [
    "Brain_00_v10.py",
    "Brain_11_v10.py",
    "Brain_22_v10.py",
    "brain_01.py",
    "brain_02.py",
    "ParallelBrain.py",
    "wink_brain.py"
  ],
  "scores": {},
  "heartbeats": {
    "Brain_00_v10.py": 1776218742.9515748,
    "Brain_11_v10.py": 1776218742.9789524,
    "Brain_22_v10.py": 1776218743.0255485,
    "brain_01.py": 1776218743.0662959,
    "brain_02.py": 1776218743.0897388,
    "ParallelBrain.py": 1776218743.112918,
    "wink_brain.py": 1776218743.1618032
  }
}