{
  "params": {
    "decay": 0.988985861601939,
    "mutation": 0.009548373550758793,
    "pressure": 1.0632075558908587
  },
  "scores": {
    "Brain_00_v10.py": 0.14285714285714285,
    "Brain_11_v10.py": 0.14285714285714285,
    "Brain_22_v10.py": 0.14285714285714285,
    "brain_01.py": 0.14285714285714285,
    "brain_02.py": 0.14285714285714285,
    "ParallelBrain.py": 0.14285714285714285,
    "wink_brain.py": 0.14285714285714285
  }
}