{
  "tick": 55,
  "attention_budget": 1,
  "focus": 0.5060052567581141,
  "signals": [
    {
      "source": "ml",
      "value": 0.4386053085456622,
      "score": 0.5060052567581141
    },
    {
      "source": "swarm",
      "value": 0.10433418150459163,
      "score": 0.14999235365256902
    },
    {
      "source": "memory",
      "value": 0.3239791133236669,
      "score": 0.2999253251716376
    }
  ],
  "selected": [
    {
      "source": "ml",
      "value": 0.4386053085456622,
      "score": 0.5060052567581141
    }
  ],
  "self_model": {
    "predicted_focus": 0.0,
    "predicted_budget": 1,
    "error_history": [
      0.11650813257247272,
      0.4047710642913771,
      0.32972653334927604,
      0.39596230483213307,
      0.05367036779957651,
      0.4139821129827629,
      0.5205897667459332,
      0.060508401828018143,
      0.8153131828559663,
      0.3576383443998851,
      0.17286313022787214,
      0.09476572142682432,
      0.722199613057659,
      0.6022613683432246,
      0.13043242403366295,
      0.6024426173222418,
      0.6143885662221785,
      0.37009809702543206,
      0.6121413566557242,
      0.5309808247834548,
      0.7800967826206568,
      0.04512721978405787,
      0.6188306119196997,
      1.0045991474555476,
      0.2984788788444124,
      0.9439949054464271,
      0.1534557321439104,
      0.5301873902311379,
      0.7955440515062762,
      0.027597738598066912,
      0.23556969700703906,
      0.48408972622464014,
      0.7030796570174559,
      0.4023351056325493,
      0.5833057602059635,
      0.5561577105043535,
      0.47338398100989065,
      0.1588855153268689,
      0.3886907752790597,
      0.916739273688698,
      0.3831341778827482,
      0.3259063968035266,
      1.0126796288202777,
      0.5337656490568223,
      0.3585764443962517,
      0.4527720359377462,
      0.8137456796142436,
      0.33950971599204327,
      0.17469593987324938,
      0.5060052567581141
    ],
    "confidence": 0.5099209074864977
  }
}