{"tick": 363, "global_weight": 46.93476759848968, "brains": [{"name": "alpha", "bias": 11.612259189150867, "recent_rewards": [10.036392725096842, 10.157122764587106, 10.301172858416528, 10.402170239450655, 10.505335143023851, 10.607889232510125, 10.751218176656414, 10.876780434969497, 11.024087979373427, 11.09500825844005, 11.259765826033847, 11.385460045357078, 11.492452541314515, 11.653316521069161, 11.75302261577383, 11.926873582088616, 12.068988657579272, 12.171994155019648, 12.35129150781121, 12.445233530643506]}, {"name": "beta", "bias": 11.613057617081118, "recent_rewards": [10.029646258689974, 10.191762334495312, 10.285273437124008, 10.369993893785852, 10.502828491036446, 10.652570330994065, 10.777892218290384, 10.878285988009939, 11.014538652730266, 11.109356178685749, 11.232395177668115, 11.384960933642658, 11.48186844647067, 11.66922297020901, 11.792675930505009, 11.940684213428037, 12.019457910701114, 12.210722084848285, 12.349838327793696, 12.470702739888957]}, {"name": "gamma", "bias": 11.613004537465422, "recent_rewards": [10.037355415566164, 10.174773825351092, 10.273879267540126, 10.36995669326736, 10.520950797410851, 10.602039340501502, 10.773800748758573, 10.860051465302075, 10.98253415580061, 11.151582615753098, 11.251971169463562, 11.396432023555368, 11.532837062522969, 11.668273394787557, 11.780252098942599, 11.9071808119136, 12.046467058573077, 12.160904102772923, 12.321544858561971, 12.496352795443922]}]}