{
  "time": 1776498589.0298533,
  "processes": [
    "Brain_00_v10.py",
    "Brain_11_v10.py",
    "Brain_22_v10.py",
    "brain_01.py",
    "brain_02.py",
    "ParallelBrain.py",
    "wink_brain.py"
  ],
  "scores": {
    "Brain_00_v10.py": 0.14285714285714285,
    "Brain_11_v10.py": 0.14285714285714285,
    "Brain_22_v10.py": 0.14285714285714285,
    "brain_01.py": 0.14285714285714285,
    "brain_02.py": 0.14285714285714285,
    "ParallelBrain.py": 0.14285714285714285,
    "wink_brain.py": 0.14285714285714285
  },
  "heartbeats": {
    "Brain_00_v10.py": 1776498581.1238232,
    "Brain_11_v10.py": 1776498582.195885,
    "Brain_22_v10.py": 1776498583.383103,
    "brain_01.py": 1776498584.4769893,
    "brain_02.py": 1776498585.6570563,
    "ParallelBrain.py": 1776498586.829922,
    "wink_brain.py": 1776498589.0288603
  }
}