{"tick": 320, "global_weight": 0.1, "brains": [{"name": "alpha", "bias": 0.11426354264094339, "attention_memory": [[1.0979664952285895, 0.060164702181637074], [1.0692130037045737, 0.06768083403895969], [1.0907522379932695, 0.046671831322063075], [1.0744679753266917, 0.04633480480128781], [1.0751748574566264, 0.04469401515463417], [1.1091161015148787, 0.02719734234972477], [1.0747136042848502, 0.08631662280880947], [1.1277501825502132, 0.045066670583058924], [1.1436209372153137, 0.10511689286698231], [1.1147257276392286, 0.0706322904866663], [1.115867452322523, 0.046742673947342245], [1.1089634527630416, 0.04389837002813415], [1.0776156919109896, 0.026475302263100787], [1.1113923148758573, 0.04921645804370599], [1.1011065130540127, 0.04647294781585788], [1.1346416113055937, 0.05466262928747717], [1.140643910079001, 0.028901613753497372], [1.0805503582952054, 0.07499805863125653], [1.1188825182875342, 0.04547024663243873], [1.1435521661137593, 0.07178985157932559], [1.0945768040694015, 0.07970386073128947], [1.094559530403489, 0.028753995557485097], [1.1480704250963818, 0.06767940025132907], [1.0735312967251802, 0.07275424213395712], [1.0749375841992523, 0.0688199453922476], [1.0708604876263292, 0.0539181945121247], [1.0938068659355853, 0.038384602686621215], [1.1131872076458706, 0.030264425268707464], [1.0833703586378534, 0.10597332015958107], [1.1094419537827491, 0.04488242530440111]]}, {"name": "beta", "bias": 0.1137775200997807, "attention_memory": [[1.0701503273113062, 0.055635918722317795], [1.0778178044411695, 0.04420902086709424], [1.0826616442190935, 0.017217093036722905], [1.1004057003045864, 0.015879308448380137], [1.0933442836616103, 0.0474767925965037], [1.111332812474716, 0.021110894810224167], [1.1145988092764512, 0.1382261346158114], [1.0763231218479183, 0.08470108851119076], [1.1142160497942986, 0.13574348573702358], [1.1171805688729988, 0.018353775483584217], [1.0734924080068098, 0.040487957762313585], [1.1315176428529112, 0.032342895944744286], [1.0724720558993464, 0.07080105875244568], [1.098349679669484, 0.045458675120201644], [1.1085922865601978, 0.05129204022301087], [1.1371549476473957, 0.07596493820019334], [1.142232547436702, 0.04565383066869971], [1.089285778149023, 0.05081822731545234], [1.1050539887868014, 0.05074232072450212], [1.137414234484896, 0.055305175486765064], [1.0841445184382958, 0.0846560741227553], [1.13912089755015, 0.044220135055231966], [1.1039873493716865, 0.05742382627838573], [1.0950913093076458, 0.04857553042265414], [1.147957640623555, 0.04667333427164751], [1.1115100701150848, 0.01407754411939545], [1.0906176163508328, 0.06334214896146716], [1.1135244985831088, 0.05885990104810212], [1.1325852516211599, 0.11073525899056398], [1.092002885265365, 0.0338924839640267]]}, {"name": "gamma", "bias": 0.11399440629354332, "attention_memory": [[1.0720522072327718, 0.07910360201929782], [1.1271447265478793, 0.044247499849729754], [1.1262607230621993, 0.028570057940427267], [1.083606946746109, 0.056762411292897726], [1.1387914883794092, 0.04966800735614771], [1.0945511399461274, 0.03368303920779543], [1.0989484142937507, 0.12030134424960534], [1.140233101357112, 0.07421382109339247], [1.099066825903825, 0.09665306677070055], [1.1314739886324146, 0.04642716321484333], [1.1046029722582562, 0.06941191922498688], [1.1051462218640122, 0.03848079800621151], [1.0749971849285451, 0.028721421148628794], [1.1015641502799338, 0.014665648313073347], [1.106510722104211, 0.025620213743036777], [1.0937172000091386, 0.06365929933937972], [1.0915723027058122, 0.034873615198084046], [1.0839091635991684, 0.026171827553949072], [1.122099789019214, 0.05276323802540313], [1.1438653258255855, 0.04871227064518607], [1.0831625088595127, 0.07790747333222205], [1.1182522901075522, 0.027409727458648645], [1.1222565651314782, 0.04683645587538935], [1.0851153855630766, 0.04697780493772879], [1.1236101289890048, 0.04416637878058645], [1.132196098137866, 0.016599440253868527], [1.0904155348214255, 0.026176561243271237], [1.1252082460726567, 0.016100923139336212], [1.1458696305864917, 0.1391317238258377], [1.096442861189777, 0.03496897518918567]]}]}