{"nodes":{"memory":{"activation":0.47868985693036387,"visits":23,"last_seen":1776176078.1687675},"goal_explore":{"activation":0.0975,"visits":2,"last_seen":1776175915.522056},"stability":{"activation":0.4006035481433542,"visits":17,"last_seen":1776176079.1714306},"attention":{"activation":0.41518749435222085,"visits":16,"last_seen":1776175976.2177994},"goal_optimize":{"activation":0.0975,"visits":2,"last_seen":1776175913.3114662},"goal":{"activation":0.2659035291496049,"visits":10,"last_seen":1776176075.1599314},"stability_gen":{"activation":0.025,"visits":1,"last_seen":1776176079.1744893}},"edges":{"attention->memory":{"weight":0.53974936628034,"count":28},"memory->goal":{"weight":0.1576619326091353,"count":7},"attention->stability":{"weight":0.4079298461355656,"count":20},"attention->goal_explore":{"weight":0.0591,"count":2},"memory->goal_explore":{"weight":0.0591,"count":2},"memory->stability":{"weight":0.4041739561411948,"count":17},"goal_explore->stability":{"weight":0.0591,"count":2},"attention->goal_optimize":{"weight":0.0591,"count":2},"memory->goal_optimize":{"weight":0.0591,"count":2},"goal_optimize->stability":{"weight":0.0591,"count":2},"goal->stability":{"weight":0.14126597429999999,"count":5},"goal->attention":{"weight":0.03,"count":1},"stability->attention":{"weight":0.0591,"count":2},"stability->memory":{"weight":0.08732699999999999,"count":3},"stability->goal":{"weight":0.08732699999999999,"count":3},"attention->goal":{"weight":0.0591,"count":2},"goal->memory":{"weight":0.0591,"count":2},"memory->attention":{"weight":0.03,"count":1}},"meta":{"repaired":1776175893.8215878}}