{
  "bot": 0.5486620553175188,
  "81.13823318197264": 0.48992809976668833,
  "32": 0.441678259425202,
  "0.8139490232616873": 0.05302555640567383,
  "run_omega": 0.6654696240819771,
  "fix_kernel_lock": 0.682497992056758,
  "run_v74_system": 0.3662384620243667,
  "fix_heartbeat": 0.6246782233286973,
  "patch_v32_hook": 0.6825855500552185,
  "run_v713_system": 0.4058698110599738,
  "run_v715_system": 0.4244299368970076,
  "wink_wink_brain_v3": 0.67240177255417,
  "wink_wink_core_v22": 0.47561027896496355,
  "patch_v33_app": 0.4002664391901313,
  "wink_observer_v6": 0.610907113470634,
  "wink_wink_v12": 0.5098537689159152,
  "wink_wink_global_brain": 0.3482500829811777,
  "wink_wink_brain_v8": 0.457373089707213,
  "fix_swarm_core": 0.6870114445854117,
  "quick_entropy_patch": 0.35008504424295334,
  "learning_engine_v17": 0.47808317433014025,
  "wink_wink_v28_fixed": 0.5176311843191782,
  "wink_wink_thought_brain_v11": 0.33608979339702827,
  "Brain_22_v10": 0.4102559255898073,
  "observer_v27_node": 0.49615517729023684,
  "wink_wink_v21": 0.41003393403926774,
  "Brain_11_v10": 0.4762334942644704,
  "wink_wink_brain_v7_trajectory_graph": 0.3765057751689335,
  "run_v711_system_BACKUP": 0.40185462516037196,
  "wink_wink_v22": 0.38404198474267853,
  "patch_observer_v75": 0.36853518244517897,
  "run_v69_tick_loop_clean": 0.3609369402440737,
  "node_memory": 0.6591961122033263,
  "wink_wink_v4": 0.6570578574263237,
  "wink_wink_v15": 0.4964696381998067,
  "wink_wink_v28": 0.4565829654277555,
  "node_stability": 0.6766876151234641,
  "wink_wink_v5": 0.3816522473009517,
  "run_v78_system": 0.43000315770263126,
  "run_v79_system": 0.43449805511149997,
  "wink_wink_v19": 0.6832620866758505,
  "run_v75_system": 0.34299113769221945,
  "run_v710_system": 0.581342246544615,
  "observer_v26": 0.675587619907564,
  "wink_wink_v16": 0.3988168005802841,
  "run_v72_system": 0.6584324524008133,
  "fix_insight_block": 0.3754776318423468,
  "wink_bus_safe_wrapper": 0.3739850353228372,
  "patch_v29_app_hook": 0.6568276418484699,
  "Brain_00_v10": 0.33379645842483857,
  "wink_wink_v20": 0.6591854702874012,
  "run_v71_safe_graph": 0.61597109021674,
  "wink_wink_v24": 0.6091587983921969,
  "wink_wink_v13": 0.5619327089803344,
  "run_v71_boot_graph": 0.6218550293527093,
  "wink_node_v5": 0.6831734597716138,
  "node_goal": 0.3537690935605206,
  "wink_wink_brain_v28_persistent": 0.42160435569162547,
  "run_v720_system": 0.5972800547266409,
  "run_v722_system": 0.36739820730979234,
  "run_v7": 0.4137726434562444,
  "wink_learning_core_v23": 0.661237996914782,
  "ParallelBrain": 0.36457366158773047,
  "node_attention": 0.5440495718433608,
  "run_v711_system": 0.49339697016998896,
  "run_v719_system": 0.5931560121177721,
  "sentence_engine": 0.39340145649764335,
  "quantum_brain": 0.5657572534423652,
  "wink_brain": 0.67089662085608,
  "wink_wink_brain_v6_1_patch": 0.5198902446014457,
  "wink_wink_v27": 0.4518103623240825,
  "wink_wink_thought_brain": 0.5517499224606185,
  "run_v75_system_CORRUPTED_BACKUP": 0.6829967090999779,
  "force_fix_heartbeat": 0.609196416483096,
  "run_v70_graph": 0.4667388737052549,
  "brain_02": 0.6158073318223701,
  "wink_core_v3": 0.5694921286754947,
  "run_v73_forever": 0.6733572027728841,
  "fix_v12_tail": 0.6363646468525701,
  "wink_wink_brain_v28": 0.5242346586300363,
  "wink_wink_brain_v2": 0.5523172981293842,
  "patch_v33_bot": 0.6131422126469667,
  "run_v716_system": 0.690319550910303,
  "patch_step6_app_intelligence_hook": 0.5490236559340219,
  "multi_agent_reasoner": 0.6328499063652704,
  "brain_01": 0.4017162491761366,
  "fix_main_v3": 0.4097557429785278,
  "wink_memory_v4": 0.35455059174724474,
  "node_scanner_boot": 0.34359810140688474,
  "apply_all_patches": 0.5965232507995307,
  "run_v711_system_BROKEN": 0.4628337306713479,
  "wink_observer_v5": 0.3587732312113551,
  "wink_wink_language_core_v25": 0.561495397822758,
  "run_v718_system": 0.41295804558004134,
  "run_v721_system": 0.6470518752975588,
  "wink_wink_v25": 0.6754876837814975,
  "wink_wink_persistent_memory_v1": 0.6890664061177801,
  "belief_memory_core": 0.4991453391878781,
  "patch_v31_governance_hook": 0.5416959649694505,
  "wink_thought_engine_v3": 0.6336244328794037,
  "iot_brain": 0.6063819166241824,
  "v70_edge_safety_patch": 0.6548098990203719,
  "leader_patch": 0.35559904593585695,
  "patch_observer_visibility": 0.6613651126655552,
  "app": 0.38103740904066424,
  "run_v717_system": 0.5176015692467626,
  "wink_wink_brain_v4": 0.5769981900749555,
  "swarm_brain_v27": 0.5009020328425906,
  "wink_node_v4": 0.507633393995793,
  "wink_wink_brain_v24": 0.5803274035001561,
  "wink_wink_brain_v10": 0.5327614412822507,
  "wink_wink_brain_v5": 0.48283225519952305,
  "run_v74_event_kernel": 0.471449412482263,
  "wink_consensus_v4": 0.3521714281346445,
  "run_v73_system": 0.5420554318782707,
  "fix_core_blocks_v3": 0.541613051840267,
  "run_v69_tick_loop": 0.44744411796029215,
  "patch_v30_hook": 0.4871582432605779,
  "fix_boot_v12": 0.5471262896155131,
  "fix_registry_boot": 0.5221288046265605,
  "wink_sentence_engine_v21": 0.5051644351349766,
  "wink_wink_brain_v25": 0.3435219663382686,
  "run_v75_system_BACKUP": 0.4328148959197457,
  "wink_wink_v6": 0.6239184729222981,
  "observer_v27": 0.4925090101608891,
  "run_v714_system": 0.5995545376287038,
  "memory_core": 0.656977467617592,
  "wink_wink_v14": 0.6689023864010119,
  "run_v723_system": 0.6837824254772019,
  "38.52509918669491": 0.20465167388374264,
  "0.858214664663383": 0.42665510277366775,
  "3.0600188400959683": 0.8240641079343367,
  "0.7310202765945949": 0.3838628581887948,
  "17.824189425814964": 0.2216566797483882,
  "0.5618046609899072": 0.4864488186507911,
  "9.534413012545418": 0.37595932795845677,
  "0.4525310708591269": 0.43165787933883215,
  "49.853146363735824": 0.48011001519509977,
  "0.7922278083655673": 0.8735514116513036,
  "28.888590609880417": 0.16749486212133177,
  "0.80045117738298": 0.8871156765932068,
  "11.740653668945523": 0.5140980116428417,
  "0.5203403151595103": 0.8818957599368694,
  "90.60503196976344": 0.6517252349647946,
  "0.31979813105494637": 0.8139180233095457,
  "6.231020914946484": 0.8974241114134708,
  "0.017984744218996873": 0.5427582168057026,
  "77.38198109911882": 0.07268329357838124,
  "0.4263305560689259": 0.3927485816905514,
  "57.45865367230857": 0.29925790596773527,
  "0.09878759498107537": 0.7316702440361715,
  "99.26852132546227": 0.9619822614178646,
  "0.3550360394928542": 0.9091010976581327,
  "82.36054901219214": 0.78086344120433,
  "0.062256183158506784": 0.39211779715548567,
  "56.50858025974206": 0.8424527798979109,
  "0.36991900366835695": 0.9503670290951493,
  "9.26680891943258": 0.9566006913919862,
  "0.1957352862680588": 0.41954259732499555,
  "88.44912672949555": 0.8804440566724148,
  "0.5027172127730575": 0.49829281554691274,
  "4.725467301984853": 0.16054310730468993,
  "0.12445004933410908": 0.776659383017811,
  "11.057643248654436": 0.44331857308853634,
  "0.14357758542527765": 0.39169104580555375,
  "27.15687514715449": 0.039345119714870494,
  "0.2849128825453431": 0.01226286413057518,
  "96.75222224658656": 0.2258531330318479,
  "0.5053822604848434": 0.9115628062248032,
  "77.12325283138367": 0.3469762279305684,
  "0.02672969280579285": 0.7465477172833033,
  "1.6178280584783877": 0.16760550458253715,
  "0.6893754093717845": 0.8942614600701678,
  "48.3803380952165": 0.10304790684303004,
  "0.7517049511927478": 0.5796912406934736,
  "60.97806409674567": 0.8563204308441152,
  "0.9770384552467745": 0.6274429896185315,
  "11.46537368923698": 0.5383924092944811,
  "0.9812503193002824": 0.27347351874253784,
  "7.18658189694481": 0.004167307586900264,
  "0.41633680543317964": 0.5766370392476521,
  "97.96176652459522": 0.43766872367375953,
  "0.6503057986554904": 0.6495760892373278,
  "66.66187540354296": 0.9318264492028508,
  "0.9929755149671227": 0.17112527263807153,
  "10.676292453216352": 0.7257690754921279,
  "0.9728574324328986": 0.2011711357907408,