{"tick": 398, "global_weight": 72.59860817993808, "brains": [{"name": "alpha", "bias": 17.96545648262167, "recent_rewards": [15.003148825397691, 15.164120581776197, 15.333924518307105, 15.549785500250614, 15.696204437249456, 15.910269954294138, 16.09860282865325, 16.279132700475305, 16.48294619466145, 16.691921842574413, 16.851768748610784, 17.041227536477653, 17.264014354357755, 17.461690708185326, 17.692290564803695, 17.908315896735626, 18.08052499042838, 18.289802215751045, 18.54223207217167, 18.747480958542077]}, {"name": "beta", "bias": 17.966322652518247, "recent_rewards": [14.977051441363566, 15.198636099904164, 15.338521796419638, 15.552050990135772, 15.696635086869264, 15.895170439973237, 16.091078190965693, 16.254668089371766, 16.49574117574144, 16.667859216654115, 16.89011642439929, 17.031542310786143, 17.275853419236014, 17.45757543490852, 17.642224434368494, 17.85173008459175, 18.115666587098495, 18.32282561160908, 18.553159102634787, 18.76223537895865]}, {"name": "gamma", "bias": 17.966089514654303, "recent_rewards": [15.028002907610707, 15.162939960739413, 15.368965635612913, 15.562848849239138, 15.691618090733753, 15.91806650197031, 16.07321545749747, 16.302418534792615, 16.444364321013072, 16.692018655375083, 16.851901303457424, 17.061871869706223, 17.280581740837743, 17.456328960937572, 17.65035932172895, 17.86623529005518, 18.076730708808313, 18.32964403452697, 18.537816610806196, 18.753426752621852]}]}