{"nodes":{"memory":{"activation":0.5437835200637076,"visits":30,"last_seen":1776218752.4184446},"goal_explore":{"activation":0.18549375,"visits":4,"last_seen":1776218750.4437766},"stability":{"activation":0.5190146081099459,"visits":23,"last_seen":1776218751.3863184},"attention":{"activation":0.6568603189098029,"visits":28,"last_seen":1776218751.8853498},"goal_optimize":{"activation":0.0975,"visits":2,"last_seen":1776175913.3114662},"goal":{"activation":0.30210960269212467,"visits":11,"last_seen":1776218752.4863102},"stability_gen":{"activation":0.025,"visits":1,"last_seen":1776176079.1744893},"goal_stabilize":{"activation":0.05,"visits":1,"last_seen":1776218746.4172914}},"edges":{"attention->memory":{"weight":0.5850258866610776,"count":36},"memory->goal":{"weight":0.1994344376317137,"count":10},"attention->stability":{"weight":0.4650254255173608,"count":27},"attention->goal_explore":{"weight":0.11470718999999999,"count":4},"memory->goal_explore":{"weight":0.11470718999999999,"count":4},"memory->stability":{"weight":0.4725194873610551,"count":21},"goal_explore->stability":{"weight":0.11470718999999999,"count":4},"attention->goal_optimize":{"weight":0.0591,"count":2},"memory->goal_optimize":{"weight":0.0591,"count":2},"goal_optimize->stability":{"weight":0.0591,"count":2},"goal->stability":{"weight":0.14126597429999999,"count":5},"goal->attention":{"weight":0.03,"count":1},"stability->attention":{"weight":0.0591,"count":2},"stability->memory":{"weight":0.08732699999999999,"count":3},"stability->goal":{"weight":0.08732699999999999,"count":3},"attention->goal":{"weight":0.0591,"count":2},"goal->memory":{"weight":0.0591,"count":2},"memory->attention":{"weight":0.03,"count":1},"attention->goal_stabilize":{"weight":0.03,"count":1},"memory->goal_stabilize":{"weight":0.03,"count":1},"goal_stabilize->stability":{"weight":0.03,"count":1}},"meta":{"repaired":1776175893.8215878}}