{
  "brain_00": 0.48564228193598025,
  "0.6287005905003291": 0.3036898363992155,
  "0.9462425529416122": 0.24505739246783406,
  "brain_01": 0.408831807588386,
  "brain_02": 0.5474138358323023,
  "wink_brain": 0.4902010336381245,
  "0.8099332231735089": 0.6455318418721947,
  "0.25839606093922796": 0.410424014822772,
  "0.35496227784608414": 0.455284902529503,
  "0.8690335699720488": 0.7793125815623289,
  "0.7019889121708385": 0.4979701886488044,
  "0.16201794579822848": 0.5927620042828547,
  "0.5783586532739325": 0.9607250434068011,
  "0.12351162254219761": 0.7788241326246734,
  "0.7198371428622249": 0.06425453927961501,
  "0.3855081610044845": 0.7077499661297875,
  "0.6661418074513924": 0.4224850293916631,
  "0.7046052838603684": 0.547367900142938,
  "0.45323070059852555": 0.9401841714786422,
  "0.8508526953381912": 0.6644869323255483,
  "0.4512288964670933": 0.6805307697022008,
  "0.1833059934227893": 0.6879805998373405,
  "0.7512227737749376": 0.7066580994317955,
  "0.7610051812833124": 0.8479234857095721,
  "0.5121147396515625": 0.5501324720895525,
  "0.37868753057740145": 0.9778184024556836,
  "0.6887628971346567": 0.37980540634875903,
  "0.4443835327136858": 0.10933441701771496,
  "0.43034573500438544": 0.9943119469672868,
  "0.19449888268225102": 0.7366641383099053,
  "0.42886134821972854": 0.20664154397257373,
  "0.30762989304407773": 0.14928519856458677,
  "0.1400210233985547": 0.5793960538961388,
  "0.2525631291973197": 0.8811118164858095,
  "0.5536597813058152": 0.7854717854829849,
  "0.2623010008156804": 0.006125435531842167,
  "0.23859155867400028": 0.48490382838073715,
  "0.4501185259154612": 0.5471765152348167,
  "0.40241356452668275": 0.43778579147344027,
  "0.7857761847747865": 0.5944398958381728,
  "0.7784578436443709": 0.11162759953644938,
  "0.19127400372767311": 0.07205456773335825,
  "0.3005337285346187": 0.4703925462918721,
  "0.5472668008533953": 0.5356210662258348,
  "0.5326272990279223": 0.9153222222582287,
  "0.027769358718294446": 0.5575911886918494,
  "0.943738067188177": 0.7395016818993475,
  "0.41808340016001144": 0.5128369999959014,
  "0.30717597094155036": 0.18439843880376625,
  "0.7864055187259265": 0.47834152697475024,
  "0.9953109388420986": 0.8555210016194106,
  "0.8133836817797305": 0.909430346553307,
  "0.03653000227121406": 0.716554990599085,
  "0.5260092192584417": 0.32059395043804845,
  "0.5359190616957721": 0.4562743318669595,
  "0.4993914457508031": 0.32906631051976937,
  "0.6490761849556244": 0.25307820521886193,
  "0.6315071986311732": 0.8725767364408183,
  "0.4915316471642732": 0.6964197161408101,
  "0.23752340102324554": 0.8519328048755501,
  "0.29368036469318326": 0.9108886336741223,
  "0.8728001470013377": 0.544723404370523,
  "0.7817156408480965": 0.5777123541963339,
  "0.3643839683083093": 0.8485395363342471
}