{"nodes": {"0": {"x": 36.338432454576655, "y": 27.821664957833747, "region": "memory", "energy": 0.04780074502730747, "lifetime": 185}, "1": {"x": 37.28374185908396, "y": 29.1211559693172, "region": "memory", "energy": 0.7978287092784052, "lifetime": 185}, "2": {"x": 29.20144671479849, "y": 6.39704008016616, "region": "memory", "energy": 0.8383933785046518, "lifetime": 185}, "3": {"x": 42.82293678784112, "y": 9.64837754739923, "region": "memory", "energy": 0.7729010652174959, "lifetime": 185}, "4": {"x": 6.322705388505364, "y": 21.2236028569517, "region": "memory", "energy": 0.6685635914500268, "lifetime": 185}, "5": {"x": 30.773618655031115, "y": 32.89181542367145, "region": "memory", "energy": 0.8283108496525572, "lifetime": 185}, "6": {"x": 28.28222551974649, "y": 48.42055457771836, "region": "memory", "energy": 0.31132156342646683, "lifetime": 185}, "7": {"x": 3.03602268175108, "y": 44.396494760536235, "region": "memory", "energy": 0.5040528762151703, "lifetime": 185}, "8": {"x": 33.42035532477398, "y": 42.78150605743451, "region": "memory", "energy": 0.0004927378798484303, "lifetime": 185}, "9": {"x": 42.82861955072501, "y": 3.760173223866128, "region": "memory", "energy": 0.8593035830942904, "lifetime": 185}, "10": {"x": 37.66237451696617, "y": 43.16753062631795, "region": "memory", "energy": 0.3643434995360658, "lifetime": 185}, "11": {"x": 6.3862892042626385, "y": 46.95924682120248, "region": "memory", "energy": 0.6584120885096567, "lifetime": 185}, "12": {"x": 34.59739615069819, "y": 28.705394347689822, "region": "memory", "energy": 0.3832505047610473, "lifetime": 185}, "13": {"x": 40.47956689593599, "y": 38.12502387284444, "region": "memory", "energy": 0.03246940560037136, "lifetime": 185}, "14": {"x": 40.054033127706056, "y": 11.075746223012047, "region": "reasoning", "energy": 0.12184624036491269, "lifetime": 185}, "15": {"x": 34.249046023721256, "y": 0.17950685366337416, "region": "memory", "energy": 0.6873329145905155, "lifetime": 185}, "16": {"x": 20.933304573689927, "y": 20.42423398547569, "region": "reasoning", "energy": 0.4250674686273675, "lifetime": 185}, "17": {"x": 18.783647826953107, "y": 12.73585076875046, "region": "memory", "energy": 0.19624752931805473, "lifetime": 185}, "18": {"x": 41.541962463482456, "y": 25.70309125229004, "region": "memory", "energy": 0.28891505141634055, "lifetime": 185}, "19": {"x": 24.20730981269838, "y": 12.821512069462148, "region": "memory", "energy": 0.6653162054808899, "lifetime": 185}, "20": {"x": 8.554267202212078, "y": 21.713354224125162, "region": "reasoning", "energy": 0.719317718066199, "lifetime": 185}, "21": {"x": 22.685548617585283, "y": 28.868460365747982, "region": "memory", "energy": 0.9116645191245061, "lifetime": 185}, "22": {"x": 21.00293189203986, "y": 11.932846835343566, "region": "memory", "energy": 0.5891315476271957, "lifetime": 185}, "23": {"x": 11.065907783304672, "y": 6.690070800766398, "region": "memory", "energy": 0.39674368656634634, "lifetime": 185}, "24": {"x": 40.895319181265506, "y": 38.73784099984709, "region": "memory", "energy": 0.7671771102019325, "lifetime": 185}, "25": {"x": 49.68417979081269, "y": 14.705040143882922, "region": "reasoning", "energy": 0.20900563144809053, "lifetime": 185}, "26": {"x": 35.94096956659366, "y": 22.817376662534098, "region": "explore", "energy": 0.5318944443950255, "lifetime": 185}, "27": {"x": 7.885501284473601, "y": 42.606926191628226, "region": "memory", "energy": 0.2973648977762027, "lifetime": 185}, "28": {"x": 48.64188997117542, "y": 40.15165328950924, "region": "memory", "energy": 0.5007032316120298, "lifetime": 185}, "29": {"x": 37.87311599514296, "y": 5.833135124328871, "region": "memory", "energy": 0.4427449320515576, "lifetime": 185}, "30": {"x": 15.134916271744347, "y": 12.280852888684484, "region": "memory", "energy": 0.5709640261150544, "lifetime": 185}, "31": {"x": 24.476412635064698, "y": 41.72241203488995, "region": "memory", "energy": 0.21766167036462117, "lifetime": 185}, "32": {"x": 32.218220256339215, "y": 8.792633462485338, "region": "memory", "energy": 0.08479998748301312, "lifetime": 185}, "33": {"x": 46.91929944036931, "y": 31.339299838975297, "region": "memory", "energy": 0.28503793995129445, "lifetime": 185}, "34": {"x": 34.99486661335635, "y": 49.92729014287071, "region": "memory", "energy": 0.013440558678185572, "lifetime": 185}, "35": {"x": 15.896312117150654, "y": 2.334479871689298, "region": "reasoning", "energy": 0.10696236938116917, "lifetime": 185}, "36": {"x": 40.52330345005411, "y": 14.44358645169222, "region": "memory", "energy": 0.624747747618462, "lifetime": 185}, "37": {"x": 0.2940306424446075, "y": 15.98917008876084, "region": "memory", "energy": 0.6878251085743234, "lifetime": 185}, "38": {"x": 35.80380765797227, "y": 15.623622921250984, "region": "memory", "energy": 0.720746106863403, "lifetime": 185}, "39": {"x": 22.50153310837818, "y": 42.207884437330655, "region": "memory", "energy": 0.3243018105135304, "lifetime": 185}, "40": {"x": 34.5583905832824, "y": 30.625702201505952, "region": "memory", "energy": 0.9863118447165792, "lifetime": 185}, "41": {"x": 41.77670038186561, "y": 13.989489915423949, "region": "memory", "energy": 0.6088879395249367, "lifetime": 185}, "42": {"x": 18.36344660284435, "y": 22.310644977052707, "region": "memory", "energy": 0.13796646736856663, "lifetime": 185}, "43": {"x": 32.354072365184685, "y": 31.701088666448626, "region": "memory", "energy": 0.9149843576107384, "lifetime": 185}, "44": {"x": 16.612114035074136, "y": 31.962457473824777, "region": "memory", "energy": 0, "lifetime": 185}, "45": {"x": 26.23361288887511, "y": 13.822157645642681, "region": "memory", "energy": 0.6355778391089837, "lifetime": 185}, "46": {"x": 27.509539826602392, "y": 35.1567917288501, "region": "memory", "energy": 0.05334201150444251, "lifetime": 185}, "47": {"x": 27.1866389978318, "y": 42.753641280684995, "region": "memory", "energy": 0.897416774380437, "lifetime": 185}, "48": {"x": 33.99858142683948, "y": 40.019071197016764, "region": "memory", "energy": 0.26842609069411255, "lifetime": 185}, "49": {"x": 43.638828778229225, "y": 16.059921666583477, "region": "explore", "energy": 0.9782380210564563, "lifetime": 185}, "50": {"x": 49.280951612617365, "y": 49.039349926563865, "region": "memory", "energy": 0.7412201840389737, "lifetime": 185}, "51": {"x": 31.455715458000142, "y": 10.65423308487132, "region": "memory", "energy": 0.41765928544312597, "lifetime": 185}, "52": {"x": 40.497541653126916, "y": 28.52162185222391, "region": "memory", "energy": 0.5608319769590117, "lifetime": 185}, "53": {"x": 9.853954969973298, "y": 31.804255812870565, "region": "memory", "energy": 0.6639975986907148, "lifetime": 185}, "54": {"x": 23.337227312797573, "y": 45.110118157683324, "region": "memory", "energy": 0.3081844548088161, "lifetime": 185}, "55": {"x": 17.87499880160776, "y": 39.641382953779846, "region": "memory", "energy": 0.6004678406919765, "lifetime": 185}, "56": {"x": 23.215669208432907, "y": 38.41615878613138, "region": "memory", "energy": 0.17954430773430807, "lifetime": 185}, "57": {"x": 31.89671716820277, "y": 23.389047803574773, "region": "memory", "energy": 0.10914317682963566, "lifetime": 185}, "58": {"x": 47.809319254845256, "y": 40.72339742322977, "region": "memory", "energy": 0.6288056052689028, "lifetime": 185}, "59": {"x": 1.5859371672597218, "y": 49.1469914360478, "region": "memory", "energy": 0.8521617730832287, "lifetime": 185}, "60": {"x": 33.821896527419085, "y": 40.27754031492175, "region": "memory", "energy": 0.33155645905625275, "lifetime": 185}, "61": {"x": 48.55676809214856, "y": 37.740776372459536, "region": "memory", "energy": 0.17123619722234235, "lifetime": 185}, "62": {"x": 41.658575068023, "y": 41.9471879416719, "region": "memory", "energy": 0.42780608752266674, "lifetime": 185}, "63": {"x": 17.71119827307079, "y": 2.2840792042636746, "region": "memory", "energy": 0.8266088156885484, "lifetime": 185}, "64": {"x": 14.21764619916558, "y": 17.13724313240738,