{
  "brain_00": 0.7839764674275518,
  "10.93036421918886": 0.33774517783570784,
  "32": 0.7471383896179716,
  "0.0898212989849988": 0.23743755029661,
  "brain_01": 0.5851796274168116,
  "brain_02": 0.5371270499019813,
  "wink_brain": 0.18654257477476066,
  "91.74612742936748": 0.19836390247290622,
  "0.163874186488296": 0.39542597432177223,
  "88.2632215675921": 0.43141863377650747,
  "0.27723928145416354": 0.03693834962300657,
  "77.60533641970852": 0.6613434866746942,
  "22": 0.26038608913911526,
  "0.5345108346178531": 0.21230511627313747,
  "67.91941202518257": 0.009507573558761697,
  "0.30407569581330407": 0.5816667818096494,
  "47.92311792118201": 0.3591591026369744,
  "0.7411321536699214": 0.3530956118378374,
  "77.31867750690125": 0.2612401674165128,
  "0.45594963482981676": 0.46586774959946053,
  "99.03039739480315": 0.20582902959907595,
  "0.8267254918208558": 0.7348850947885353,
  "91.10189170974556": 0.9949495457720722,
  "0.8533860976501073": 0.48708375592143077,
  "18.037162975927046": 0.40399121435738555,
  "0.7246629382580102": 0.6565829161833601
}