{
  "run_omega": 0.4061066660098385,
  "33.91352076438208": 0.9304417930711569,
  "32": 0.716404954340122,
  "0.23065620847564317": 0.8691634953627287,
  "Brain_22_v10": 0.3607486980218032,
  "quantum_brain": 0.6428404958302809,
  "iot_brain": 0.5744217766271952,
  "brain_02": 0.5745912645067026,
  "brain_01": 0.39276988467357454,
  "node_memory": 0.4867650155332985,
  "ParallelBrain": 0.7016359879692411,
  "fix_swarm_core": 0.37942118266792974,
  "Brain_11_v10": 0.8904226479224072,
  "fix_kernel_lock": 0.7779944736511633,
  "node_stability": 0.8335480061860097,
  "node_goal": 0.5660086907183309,
  "fix_boot_v12": 0.6022977316685739,
  "fix_v12_tail": 0.8669238115965273,
  "Brain_00_v10": 0.4096490992370941,
  "node_attention": 0.5788466425523744,
  "learning_engine_v17": 0.7182504458189638,
  "wink_brain": 0.7792692112335531,
  "85.26588061602142": 0.5239614876041677,
  "0.4598686215904183": 0.9084933658650668,
  "88.52230204262347": 0.35755385635558945,
  "0.9010877839064221": 0.7304190463065823,
  "21.62571823543391": 0.33554348867808026,
  "0.7693506811420243": 0.8904931198477078,
  "63.078514428798286": 0.9756718769490398,
  "0.9213454012766933": 0.14882798519551535,
  "31.60457450037398": 0.44361691620757315,
  "0.9460187469361286": 0.6034200538285597,
  "30.62783661125238": 0.5913714487015537,
  "0.6181339343026527": 0.523520702849689,
  "89.57332407265952": 0.07530440101888727,
  "0.21419077295875488": 0.14309923300074254,
  "86.74992032119283": 0.0760433233208889,
  "0.6256440766986842": 0.7040932244886333,
  "28.120038302593386": 0.7912515876740763,
  "22": 0.8970271929205513,
  "0.04243036227544339": 0.5193919522026872
}