{
  "time": 1776175909.524927,
  "processes": [
    "Brain_00_v10.py",
    "Brain_11_v10.py",
    "Brain_22_v10.py",
    "brain_01.py",
    "brain_02.py",
    "ParallelBrain.py",
    "wink_brain.py"
  ],
  "scores": {},
  "heartbeats": {
    "Brain_00_v10.py": 1776175909.3000278,
    "Brain_11_v10.py": 1776175909.3272393,
    "Brain_22_v10.py": 1776175909.3511922,
    "brain_01.py": 1776175909.3717022,
    "brain_02.py": 1776175909.4036388,
    "ParallelBrain.py": 1776175909.4517183,
    "wink_brain.py": 1776175909.4876807
  }
}