{"identity_vector": {"kernel_2404": 5e-324, "kernel_8284": 5e-324, "kernel_1270": 5e-324, "kernel_5250": 0.0006306472189626019, "kernel_2551": 0.022136544036936, "kernel_7023": 0.05747459104746471, "kernel_7716": 0.9197582171813001}, "stability": 0.1, "dominant_nodes": []}