{
  "tick": 2802,
  "goals": [
    {
      "name": "swarm",
      "count": 666,
      "strength": 33.55000000000023
    },
    {
      "name": "memory",
      "count": 770,
      "strength": 38.749999999999936
    },
    {
      "name": "ml",
      "count": 705,
      "strength": 35.50000000000012
    },
    {
      "name": "prediction",
      "count": 663,
      "strength": 33.40000000000024
    }
  ],
  "intents": {
    "swarm": {
      "strength": 0.050375375375375724,
      "count": 666,
      "reward_alignment": 0
    },
    "memory": {
      "strength": 0.050324675324675244,
      "count": 770,
      "reward_alignment": 0
    },
    "ml": {
      "strength": 0.050354609929078184,
      "count": 705,
      "reward_alignment": 0
    },
    "prediction": {
      "strength": 0.05037707390648603,
      "count": 663,
      "reward_alignment": 0
    }
  },
  "reward_history": [
    0.8345259642804255,
    0.8933233480197305,
    0.8344777777831481,
    0.9408358854064264,
    0.9984431326550434,
    0.7817401989938962,
    0.8525814147968996,
    0.9486505557170143,
    0.6858634361798461,
    0.7072856440632024,
    0.9295007782057069,
    0.5258573759972803,
    0.9307683978379945,
    0.9963099483180977,
    0.7983936791978613,
    0.9097670796044545,
    0.6683754752126553,
    0.8200606924009529,
    0.9601291104399403,
    0.48541776940831727
  ],
  "attention_budget": 1,
  "stability": 0.9999999995329368
}