{
  "step": 51,
  "scores": {
    "brain_0": 0.2529886600322563,
    "brain_1": 0.24722443732439905,
    "brain_2": 0.24163680153273942,
    "brain_3": 0.25815010111060527
  }
}