{"tick": 298, "global_weight": 0.1, "brains": [{"name": "alpha", "bias": 0.10550205778506354, "attention_memory": [[1.0744182507856614, 0.021309818935405695], [1.0894540232200365, 0.03998851123190377], [1.0852663671808898, 0.053273727981825544], [1.1256706398903356, 0.056158441763048], [1.0898676850684543, 0.0334599011760551], [1.1052822103176092, 0.012551994009337816], [1.0926153974923, 0.034762365079540045], [1.067868659149853, 0.05586132525903989], [1.1093647228309136, 0.04530543757407841], [1.105618666238221, 0.051693285681210135], [1.0868905072614576, 0.027296562749877462], [1.0849681637051733, 0.06061354803711416], [1.091336107827846, 0.04982647514695702], [1.082831669626995, 0.06325214558656508], [1.0854848452986636, 0.057317322862827216], [1.0898439067861019, 0.048918005309007265], [1.0750125934529544, 0.0232902367389463], [1.0890513097667314, 0.05828093463036851], [1.09825162951773, 0.01566358078796579], [1.0896844859775645, 0.04873728749780997], [1.0816641433851868, 0.010991933892567255], [1.1251335989804496, 0.03720310495813961], [1.0979664952285895, 0.060164702181637074], [1.0692130037045737, 0.06768083403895969], [1.0907522379932695, 0.046671831322063075], [1.0744679753266917, 0.04633480480128781], [1.0751748574566264, 0.04469401515463417], [1.1091161015148787, 0.02719734234972477], [1.0747136042848502, 0.08631662280880947], [1.1277501825502132, 0.045066670583058924]]}, {"name": "beta", "bias": 0.1040022736722075, "attention_memory": [[1.1326980776706195, 0.09213659751655054], [1.05843729287478, 0.05656963712678133], [1.0761195637620675, 0.05649856695667468], [1.1127900372892128, 0.07976054687627908], [1.0922046196388553, 0.05191487434192088], [1.1293354526109716, 0.0807950352762216], [1.1118181649901828, 0.008421138782724727], [1.1205156105041567, 0.03042196348146893], [1.1108333377802124, 0.008537078199941707], [1.068926715824918, 0.04865520261384493], [1.1018244326511715, 0.05747078664535467], [1.107727926734249, 0.04275110958536092], [1.0856827870817376, 0.015253182105586445], [1.1235920147712168, 0.08135694195605228], [1.0974345033929078, 0.02252974762273666], [1.0757582471240665, 0.02370051649399979], [1.1069852672995308, 0.036782787934101814], [1.0677918846662566, 0.05753473290965312], [1.1019206423070818, 0.07148474082546025], [1.1338572395983768, 0.04173456749403552], [1.1353862040775775, 0.05626706064885801], [1.0920136155530007, 0.0376395635900179], [1.0701503273113062, 0.055635918722317795], [1.0778178044411695, 0.04420902086709424], [1.0826616442190935, 0.017217093036722905], [1.1004057003045864, 0.015879308448380137], [1.0933442836616103, 0.0474767925965037], [1.111332812474716, 0.021110894810224167], [1.1145988092764512, 0.1382261346158114], [1.0763231218479183, 0.08470108851119076]]}, {"name": "gamma", "bias": 0.10384717824925427, "attention_memory": [[1.1109541066132058, 0.060415546640762166], [1.116174226339755, 0.0627817388688115], [1.0653251288954695, 0.08393556302055746], [1.0746607573919977, 0.041463453250271676], [1.130732587576401, 0.0437244200658641], [1.0926520250946383, 0.051440642031086774], [1.067236074887141, 0.039059148144983985], [1.115558867050481, 0.031121174986509396], [1.0570433452557646, 0.09038211058241272], [1.084206015469739, 0.050261182321571375], [1.061237126196033, 0.036753276208326205], [1.1055347697815043, 0.04114304696758757], [1.0589745325276854, 0.043029557161426465], [1.0943984553672605, 0.07214118680198953], [1.122961529379572, 0.07192756444866705], [1.1005805557793253, 0.056120652588346316], [1.0899459632315436, 0.020010841566665848], [1.0988879074608113, 0.010401372098528934], [1.0831646454567312, 0.02717783620815201], [1.112315407317352, 0.027381739904534953], [1.0644456609992632, 0.02629609475771608], [1.1251315532523145, 0.043687378189846776], [1.0720522072327718, 0.07910360201929782], [1.1271447265478793, 0.044247499849729754], [1.1262607230621993, 0.028570057940427267], [1.083606946746109, 0.056762411292897726], [1.1387914883794092, 0.04966800735614771], [1.0945511399461274, 0.03368303920779543], [1.0989484142937507, 0.12030134424960534], [1.140233101357112, 0.07421382109339247]]}]}