{
  "messages": [],
  "nodes": {
    "wink_wink_brain_v25.py": {
      "last_seen": 1776394381.6787822
    },
    "wink_wink_brain_v24.py": {
      "last_seen": 1776394381.6937928
    },
    "wink_wink_brain_v28.py": {
      "last_seen": 1776394381.6830757
    }
  }
}