{
  "tick": 2809,
  "goals": [
    {
      "name": "swarm",
      "count": 669,
      "strength": 33.70000000000022
    },
    {
      "name": "memory",
      "count": 771,
      "strength": 38.79999999999993
    },
    {
      "name": "ml",
      "count": 707,
      "strength": 35.600000000000115
    },
    {
      "name": "prediction",
      "count": 664,
      "strength": 33.45000000000024
    }
  ],
  "intents": {
    "swarm": {
      "strength": 0.05037369207772829,
      "count": 669,
      "reward_alignment": 0
    },
    "memory": {
      "strength": 0.05032425421530471,
      "count": 771,
      "reward_alignment": 0
    },
    "ml": {
      "strength": 0.050353606789250514,
      "count": 707,
      "reward_alignment": 0
    },
    "prediction": {
      "strength": 0.05037650602409674,
      "count": 664,
      "reward_alignment": 0
    }
  },
  "reward_history": [
    0.9486505557170143,
    0.6858634361798461,
    0.7072856440632024,
    0.9295007782057069,
    0.5258573759972803,
    0.9307683978379945,
    0.9963099483180977,
    0.7983936791978613,
    0.9097670796044545,
    0.6683754752126553,
    0.8200606924009529,
    0.9601291104399403,
    0.48541776940831727,
    0.593666615463963,
    0.8441089536401257,
    0.5249896637927675,
    0.5548542276511984,
    0.8279610334939671,
    0.5896704134742126,
    0.9973047812426752
  ],
  "attention_budget": 1,
  "stability": 0.9999999995473577
}