{"w1": [[-0.7386923589709559, 0.28287709027770697, 1.0254729321535474, -0.8000739088377193, 0.4542889829453456, -0.5936124229414887, -0.5192281777930939, 0.9708526390463437], [0.5154375102758781, -0.28624756300279075, 0.10142743479413437, 0.48407370358617774, -0.4263470973127941, 0.11602590137854585, -0.058034544538910965, -1.373607093787208], [-0.7172976038081085, -0.09815955874389082, 0.14723443758142213, -1.0188383962727592, -0.12810458083518772, 0.7765365518955739, -0.24080209926917467, -1.0059024879994072], [-1.1726151161560547, 0.3332963154130537, -0.6932331665843472, -0.281747481216316, 0.879739842217808, -0.7801729651357918, 0.8076039061311905, -0.7070457220245621]], "w2": [[-0.19064733740215759, 0.7257275408767848], [-0.3121349548492137, 1.380011145415371], [-0.31909632350376377, 0.3700056290735687], [-0.8232068342094024, -0.5700983822882516], [-0.537801015326738, -0.7824778099619835], [0.6490783549321011, -1.1728488482295956], [-0.5191017043516164, 1.0349825900021812], [0.15606921686323866, 0.1645886756511165]]}