{"w1": [[0.9353026808957738, -0.5139165983842566, 0.7499997074182885, -0.15970142073625948, 0.5576130681162167, 0.7968991225617983, 0.13737742007339962, 0.7094354213032522], [0.7657575874833495, -0.4344224320908727, 0.27197268187966905, -0.29126215036717573, -0.9569588189069924, -0.40048486945858663, 0.8224640595968773, 0.8830333259134641], [-0.3844059946972276, 0.5011872351881794, -0.5078108804327677, -0.02372736871702605, -0.10923400356771576, 0.8430542480082879, -0.0901952436746909, -0.09415159801365536], [-0.5349879920484035, -0.4363186704713231, -0.5109358503703132, -0.720719146255123, 0.9551224373618858, 0.38687789630873026, -0.8255023579585594, -0.3958197674868721]], "w2": [[0.6234225031492553, 0.9663210514471148], [0.9848015664307856, -0.22222273110469914], [0.042557629897641044, 0.7082535405508297], [-1.0344553431701242, 0.28939723605170764], [-0.9596110811017846, 0.7859702877704312], [0.7644910224856349, 0.2727179855109889], [-0.9155738665126181, -0.032019185342448055], [-0.3819669029202901, -0.5946541708460817]]}