{
  "tick": 1,
  "global_reward": 0.5914585768605883,
  "entropy": 0.4326968626195577,
  "stability": 0.5673031373804422,
  "signals": {
    "memory_fabric": {
      "coherence": 0.7481765300929764,
      "efficiency": 0.37368434089442304,
      "stability": 0.42860305246877073
    },
    "kernel": {
      "coherence": 0.8208005225576974,
      "efficiency": 0.8656121071757026,
      "stability": 0.31820614216687215
    },
    "swarm": {
      "coherence": 0.22271728401515156,
      "efficiency": 0.033431638948125175,
      "stability": 0.9680036646122259
    },
    "cognition": {
      "coherence": 0.8610375397924729,
      "efficiency": 0.4449310101590307,
      "stability": 0.8449769717392328
    },
    "internet": {
      "coherence": 0.32185172329757583,
      "efficiency": 0.9260250602993992,
      "stability": 0.2720813432523491
    },
    "mesh": {
      "coherence": 0.8482072550677753,
      "efficiency": 0.868020858977488,
      "stability": 0.3885408734199478
    }
  },
  "module_scores": {
    "memory_fabric": 0.5425319173868707,
    "kernel": 0.6788653284775882,
    "swarm": 0.3996145582834871,
    "cognition": 0.7243909688051742,
    "internet": 0.4933369087083565,
    "mesh": 0.7100117795020532
  },
  "learning_rate": 0.05
}