{
  "brain_00": 0.5083856723984603,
  "81.42": 0.5001049178250928,
  "20": 0.5001049178250928,
  "0.52": 0.5001049178250928,
  "brain_01": 0.4594775446595738,
  "brain_02": 0.4547655620931595,
  "wink_brain": 0.5380158943956534,
  "98.4": 0.5000361154636326,
  "27": 0.5000378297361349,
  "0.59": 0.5000361154636326,
  "64.38": 0.5000017142725023,
  "0.08": 0.5000017142725023,
  "11.38": 0.5000734364881544,
  "6": 0.5000734364881544,
  "0.32": 0.5000734364881544,
  "2.95": 0.5000609175318981,
  "33": 0.5000609175318981,
  "0.79": 0.5000609175318981,
  "26.13": 0.5002554161237336,
  "1": 0.5002554161237336,
  "0.84": 0.5002554161237336,
  "81.65": 0.4995533436344187,
  "44": 0.4995533436344187,
  "0.99": 0.4995533436344187,
  "82.23": 0.5000717353288809,
  "39": 0.5000148756826799,
  "0.26": 0.5000717353288809,
  "67.48": 0.5001791531717281,
  "42": 0.5001791531717281,
  "0.01": 0.5001791531717281,
  "95.73": 0.5001286751595094,
  "22": 0.5001286751595094,
  "0.66": 0.4997196469073687,
  "7.55": 0.4997546126873883,
  "13": 0.4993455844352475,
  "0.5": 0.4997546126873883,
  "39.32": 0.4995909717478592,
  "74.26": 0.4999431403537989,
  "0.28": 0.4999431403537989,
  "97.95": 0.4999164839795695,
  "36": 0.4999164839795695,
  "0.29": 0.4999164839795695,
  "55.36": 0.49993581296730144,
  "43": 0.49993581296730144,
  "0.23": 0.49993581296730144
}