{
  "tick": 13,
  "attention_budget": 1,
  "focus": 0.32985833089443084,
  "signals": [
    {
      "source": "ml",
      "value": 0.19643556292984432,
      "score": 0.13343244139384355
    },
    {
      "source": "swarm",
      "value": 0.4116184755500979,
      "score": 0.32985833089443084
    },
    {
      "source": "memory",
      "value": 0.1744152763304564,
      "score": 0.11874556122058619
    }
  ],
  "selected": [
    {
      "source": "swarm",
      "value": 0.4116184755500979,
      "score": 0.32985833089443084
    }
  ],
  "self_model": {
    "predicted_focus": 0.2693499290664127,
    "predicted_budget": 1,
    "error_history": [
      0.07566607898833982,
      0.22291936308838461,
      0.24611871428196577,
      0.061043485146516085,
      0.6031982512290263,
      0.11650813257247272,
      0.4047710642913771,
      0.32972653334927604,
      0.39596230483213307,
      0.05367036779957651,
      0.4139821129827629,
      0.5205897667459332,
      0.060508401828018143
    ],
    "confidence": 0.7040039579222908
  }
}