{
  "weights": {
    "brain_00": 0.0607788578274238,
    "0.7355561035594266": 0.00345616501863826,
    "8": 0.009741343339954762,
    "-0.2838156618445897": 0.009960995457133009,
    "brain_01": 0.06506511227504318,
    "0.3432886884188364": 0.002531758884335589,
    "62": 0.00814310688545284,
    "-0.2838844740889026": 0.007781533293001203,
    "brain_02": 0.10857522375703806,
    "0.5732943597273366": 0.007016480863836306,
    "43": 0.008465118255893436,
    "-0.2839112213108851": 0.006919167257032693,
    "wink_brain": 0.08729347908441125,
    "0.37307163660105813": 0.00947069211592107,
    "37": 0.009161698286269311,
    "-0.2839468839298719": 0.007002912526154268,
    "0.5926951576482313": 0.0051043237694360305,
    "14": 0.007485329758513065,
    "-0.7533101212833087": 0.008475684529709588,
    "0.07482010490486046": 0.0027999423939464346,
    "79": 0.007055149143061447,
    "-0.7532070946619303": 0.0077227955506590715,
    "0.17870304125469738": 0.0005404302966309722,
    "21": 0.005808162635418442,
    "-0.7531438895832804": 0.00035778092596102057,
    "0.6984374815143854": 0.009567916588442008,
    "78": 0.0032444327022250747,
    "-0.7530918146672662": 0.0051954411025700725,
    "0.5195793779505551": 0.009272706632789141,
    "2": 0.0015497280089661056,
    "0.9118773091917094": 0.009566444964386802,
    "0.2332152549305847": 0.005752632395539353,
    "85": 0.007479516824059173,
    "0.9119865886808773": 0.009854385229914253,
    "0.031747079955901536": 0.006486388262599873,
    "90": 0.0025850825939786313,
    "0.9120435996455417": 0.00041108911289581467,
    "0.7471202183268918": 0.0011890042336318225,
    "36": 0.0011038180875907906,
    "0.9120937508084228": 0.00806671047372956,
    "0.8150393881165284": 0.004373717534030873,
    "22": 0.0025521236862831717,
    "-0.007307011437337356": 0.0017480703581687128,
    "0.7737837832144937": 0.009926135699096443,
    "-0.007490827129955482": 0.005563926903592481,
    "0.5767083343265514": 0.00019125194181385035,
    "88": 0.0029582164836957437,
    "-0.0075988276721706055": 0.0004583278993632556,
    "0.47801116453316683": 0.0011514688797206818,
    "47": 0.0002828447687528623,
    "-0.007709689063697962": 0.005267221197918447,
    "0.8293775383527607": 0.00994610459713025,
    "45": 0.00477123085410272,
    "0.9905067942814386": 0.009394608046602746,
    "0.24628668310058466": 0.00509312294434457,
    "40": 0.0030120509566843464,
    "0.9905269723329531": 0.009655086830379998,
    "0.4910299379623897": 0.004134989593606168,
    "49": 0.01017779223204741,
    "0.9905410777137246": 0.01010551928076786,
    "0.4045569430399075": 0.0037012856161995496,
    "6": 0.0020200301757866165,
    "0.9905570686009649": 0.009078127586680352
  },
  "goals": {}
}