{"w1": [[0.41442207789363583, 0.2111240521128075, 0.5867071514052906, 0.22246989338289191, 0.17951749531672578, 0.17347774147445927, -0.10423772688400423, -0.009635785680185277], [-0.08334630799316423, -0.48949869578380456, 0.07752861102621589, -0.0161917544876653, 0.37644342031766853, -0.6067329351936301, 0.05303955837321195, 0.294599808998967], [0.4693094453408799, 0.387639448989167, -0.011731516144136256, -0.5112363814770706, -0.7961317648867012, -0.30484166244775657, 0.4855856809281873, -0.10439155269620959], [0.1591433017231847, -0.43837794220349613, 0.9489679361365517, -0.0926907834951789, -0.6240742003746567, -0.6754079456401936, -0.3000496559896173, 0.8968911044638139]], "w2": [[-0.4443764013007536, 0.8121471158940166], [0.49760478397442404, -0.35217652140999545], [-0.499554262017458, -0.7338932909509157], [0.19978783642252534, 0.5315082168952652], [0.7982437639525223, 0.44256533515715474], [0.8234035856446298, 0.3104968927952231], [0.8944560325157489, -0.2539679447357417], [-0.03539882163393626, 0.5188324788411165]]}