{"tick": 12, "global_weight": 1.0146045125349632, "brains": [{"name": "alpha", "bias": 0.03665831073546511, "recent_rewards": [1.021253959937918, 0.9887770890443521, 1.013266037320347, 0.9921522162802465, 1.0217484972942896, 1.011385486797931, 1.0202994068279914, 1.0488177143401016, 1.0141438362235198, 1.0473996413542614, 1.0089337990852387, 1.036850293097791]}, {"name": "beta", "bias": 0.036870109527201336, "recent_rewards": [0.9802545216048903, 1.0302702102283587, 1.0128229233825778, 0.9922408117198017, 1.0195078318602098, 1.0088118515496016, 1.0399818028065977, 1.015390045233494, 1.0390624673362447, 1.0429885473825053, 1.0330926372981668, 1.0241928858242952]}, {"name": "gamma", "bias": 0.036796321517136577, "recent_rewards": [0.9846896978367518, 1.0053142095815717, 1.0290962136113544, 1.0037571977463642, 1.0034506209779457, 1.0222184090539481, 0.9969051079749618, 1.0113885072820203, 1.0156251351092915, 1.0525312650789613, 1.0047318743710525, 1.0306993684245649]}]}