{"nodes":{"attention":{"activation":0.5554802354425752,"visits":35,"last_seen":1776170405.0640903},"memory":{"activation":0.549137040128647,"visits":34,"last_seen":1776170405.0621634},"goal_explore":{"activation":0.142625,"visits":3,"last_seen":1776169458.2118342},"stability":{"activation":0.5222548743044492,"visits":25,"last_seen":1776170405.1286182},"goal_stabilize":{"activation":0.3365795687109374,"visits":8,"last_seen":1776170404.890789},"goal_optimize":{"activation":0.18549375,"visits":4,"last_seen":1776170403.862366},"goal":{"activation":0.2982445593396479,"visits":11,"last_seen":1776170405.063033}},"edges":{"attention->memory":{"weight":0.6268259071581445,"count":48},"memory->goal":{"weight":0.31236378671493803,"count":19},"attention->stability":{"weight":0.537085135012759,"count":40},"attention->goal_explore":{"weight":0.08732699999999999,"count":3},"memory->goal_explore":{"weight":0.08732699999999999,"count":3},"memory->stability":{"weight":0.5606234998261612,"count":27},"goal_explore->stability":{"weight":0.08732699999999999,"count":3},"attention->goal_stabilize":{"weight":0.21625664056230387,"count":8},"memory->goal_stabilize":{"weight":0.21625664056230387,"count":8},"goal_stabilize->stability":{"weight":0.21625664056230387,"count":8},"attention->goal_optimize":{"weight":0.11470718999999999,"count":4},"memory->goal_optimize":{"weight":0.11470718999999999,"count":4},"goal_optimize->stability":{"weight":0.11470718999999999,"count":4},"attention->goal":{"weight":0.08732699999999999,"count":3},"goal->stability":{"weight":0.08732699999999999,"count":3},"stability->goal":{"weight":0.08732699999999999,"count":3},"stability->memory":{"weight":0.03,"count":1},"goal->memory":{"weight":0.08732699999999999,"count":3},"memory->attention":{"weight":0.08732699999999999,"count":3},"stability->attention":{"weight":0.03,"count":1},"goal->attention":{"weight":0.0591,"count":2}},"meta":{"created":1776169454.1520681,"version":36}}