{
  "weights": {
    "brain_00": 0.07482579790761669,
    "0.4507835946725528": 0.009118330433833444,
    "34": 0.006300096241407116,
    "-0.8854098431099963": 0.0031552470690698175,
    "brain_01": 0.06933821989694802,
    "0.1958376973374989": 0.002652718922315795,
    "60": 0.003965797466862027,
    "-0.8854481836841419": 0.007606643217305285,
    "brain_02": 0.09734102763445102,
    "0.7135683026061368": 0.0038721251418630917,
    "88": 0.0071244996505576,
    "-0.8854614795858273": 0.0023353376944233346,
    "wink_brain": 0.07650831163870467,
    "0.1411046928206613": 0.002109831580466409,
    "32": 0.006413261225538158,
    "-0.8854706754937998": 0.004592669770167339,
    "0.4208493056103252": 0.0020950766300910748,
    "58": 0.002667422146610246,
    "-0.05343924705624691": 0.007007005290765279,
    "0.6154249025963254": 0.005417336538762635,
    "61": 0.0012548502526772596,
    "-0.05318569236914484": 0.0009582247951408417,
    "0.8620806851564663": 0.007087350603977251,
    "33": 0.004824644336186555,
    "-0.053060937441848095": 0.010125849970098919,
    "0.06983708032571967": 0.008073412174096335,
    "40": 0.007477192876187947,
    "-0.052955704588193764": 0.005488002040561583,
    "0.5861530365569944": 0.007055136659869738,
    "39": 0.0026215971772340103,
    "0.942685395858411": 0.002907702210379161,
    "0.38803644207458843": 0.007226371399455449,
    "69": 0.0045031543564799,
    "0.9427332789754274": 0.006126116554315635,
    "0.08734129346307828": 0.00564253366701987,
    "25": 0.005232745269623583,
    "0.9427572132512828": 0.0067302519677127,
    "0.9698317123735074": 0.0011981477567580146,
    "72": 0.003253864303378641,
    "0.9427834479077907": 0.0077949331878269384,
    "0.7914457904205741": 0.0016385086239641103,
    "59": 0.0026805393879055874,
    "-0.08977620779244494": 0.0035689380416589127,
    "0.005053961914574412": 0.004585405887982432,
    "17": 0.005836185034266577,
    "-0.09008560840985365": 0.0013829837549083936,
    "0.9989758232051046": 0.005233935875800664,
    "-0.0902465977729961": 0.006699088123144916,
    "0.07892433039673452": 0.004788906430493758,
    "-0.09032115546991074": 0.004201541821561884,
    "0.4904447626609917": 0.0017639989476665866,
    "-0.8678198940214921": 0.0022634421873746085,
    "0.4089556807027618": 0.0038354238875061572,
    "81": 0.006602993237544622,
    "-0.8677546122307802": 0.0037851461612001735,
    "0.7691190089384958": 0.0005651263735036796,
    "4": 0.004279966725376116,
    "-0.8677188252951485": 0.004272267904786042,
    "0.5808288935255945": 0.00192247773251041,
    "65": 0.0015341477747164687,
    "-0.8676837449928563": 0.002478023386013645
  },
  "identity": {
    "brain_00": {
      "explore_bias": 0.3471195820395582,
      "optimize_bias": 0.6560865155367007,
      "stability": 0.9979920160159679
    },
    "brain_01": {
      "explore_bias": 0.6493716804615545,
      "optimize_bias": 0.4718251078893668,
      "stability": 0.997992016015968
    },
    "brain_02": {
      "explore_bias": 0.6769520380686374,
      "optimize_bias": 0.13380256763987064,
      "stability": 1.001991984016032
    },
    "wink_brain": {
      "explore_bias": 0.19327819424117285,
      "optimize_bias": 0.7535297712609288,
      "stability": 0.997992016015968
    }
  }
}