{
  "tick": 11,
  "attention_budget": 1,
  "focus": 1.256485548910211,
  "signals": [
    {
      "source": "ml",
      "value": 0.32635683444050273,
      "score": 0.4065370589838033
    },
    {
      "source": "swarm",
      "value": 0.028999175934962845,
      "score": 0.09772036517141039
    },
    {
      "source": "memory",
      "value": 1.1726675353872815,
      "score": 1.256485548910211
    }
  ],
  "selected": [
    {
      "source": "memory",
      "value": 1.1726675353872815,
      "score": 1.256485548910211
    }
  ],
  "self_model": {
    "predicted_focus": 0.3445336081649897,
    "predicted_budget": 1,
    "error_history": [
      0.2001193350628328,
      0.4868083252284402,
      0.4340359696545304,
      0.3811502290830079,
      0.3708927828227458,
      0.6387560773111034,
      0.36438448191359407,
      0.4106297696668984,
      0.3448929498446162,
      0.4473976537637485,
      0.9119519407452212
    ],
    "confidence": 0.5209099819966094
  }
}