{
  "run_omega": 0.7603128702551258,
  "35.379028884869825": 0.7385985037533453,
  "93": 0.8911587059775365,
  "0.5994596272345447": 0.09526086712186517,
  "node_stability": 0.47528553825694564,
  "Brain_11_v10": 0.5270619267916069,
  "iot_brain": 0.3070503016286856,
  "fix_boot_v12": 0.7656087360623134,
  "ParallelBrain": 0.7394138691138886,
  "Brain_00_v10": 0.39297370039559093,
  "brain_01": 0.6260026826020828,
  "Brain_22_v10": 0.3560757726415652,
  "fix_kernel_lock": 0.490015551142524,
  "fix_swarm_core": 0.5797809873469936,
  "learning_engine_v17": 0.4422531663414752,
  "wink_brain": 0.6309358545232181,
  "fix_v12_tail": 0.4046270829121364,
  "node_memory": 0.3877752607293234,
  "node_attention": 0.6009268501524357,
  "brain_02": 0.6337841770127184,
  "node_goal": 0.3760070647418586,
  "quantum_brain": 0.44593565331705337,
  "54.48035706419564": 0.6336459198706464,
  "0.25175932023059544": 0.022425968278274973,
  "97.47572262713418": 0.2744542756140182,
  "0.814318460773635": 0.7057950652527938,
  "88.9274756034323": 0.8417900183230197,
  "0.5427901677520596": 0.196901010286639,
  "18.80069326606819": 0.7026823123883281,
  "0.013720961041359225": 0.37321620977688263,
  "51.51981735913703": 0.2095012475698597,
  "0.5208148184649751": 0.3462566769776669,
  "47.99961980843085": 0.436330271868943,
  "0.03651196858204686": 0.8507897527229757,
  "63.24369129639542": 0.6927172138804168,
  "0.17466918053583014": 0.35632477614414554,
  "53.464194679205534": 0.005602438139344527,
  "0.012465156608520656": 0.10631755809932755,
  "53.153282423380745": 0.5853121653245624,
  "0.8395498897456206": 0.6865120525247584,
  "86.94325248693944": 0.2640249231411863,
  "0.352219522234417": 0.05917037343717548,
  "81.18940202020472": 0.8439287012595196,
  "0.6777849878280624": 0.08903384195449307,
  "78.10217065733495": 0.21815089148720862,
  "0.1223416258494725": 0.6240296107094577,
  "3.41318552207448": 0.1336476093076176,
  "0.24916761018355915": 0.3103146517731739,
  "74.14070939351767": 0.4740735388395584,
  "0.7293884626321013": 0.5876530683181215,
  "55.03809806445725": 0.37511673332782586,
  "0.4638922010699239": 0.3656135935967068,
  "40.80168250111546": 0.48624966651336793,
  "0.9577022774628032": 0.5966176556786027,
  "50.45328667430871": 0.9206392008970556,
  "0.9451217103784054": 0.5782301070725676,
  "20.490007547439237": 0.8251170075296369,
  "0.10594947556398004": 0.8741529949774187,
  "5.126952759034498": 0.23639323465678805,
  "0.5941615648678865": 0.21794179686456291,
  "68.24432766917997": 0.4749326067020909,
  "0.4738737867539725": 0.037265402847507054,
  "5.01510555809479": 0.17168835497036825,
  "0.04478580335979476": 0.674862872543823,
  "36.2429907088309": 0.7608322395850232,
  "0.2024632685044122": 0.12482573799705268,
  "83.5453811911854": 0.8839336853255785,
  "0.9017250561739855": 0.5485858131692356,
  "35.651222001124204": 0.9738442733263923,
  "0.708480738098558": 0.7813400902810517,
  "3.401281550959001": 0.4813250621645822,
  "0.9009328930532569": 0.42108581529208905,
  "7.351324094336342": 0.001882450844630812,
  "0.49536739678185127": 0.6301417336050043,
  "64.80329511414989": 0.5229805310763066,
  "0.294224575393666": 0.46519831113973986,
  "68.7049529356579": 0.6024067900415034,
  "0.050102967148743405": 0.8586036269604844,
  "14.099297027524438": 0.17315402434703842,
  "0.1347736016956259": 0.11864915080956524
}