{
  "step": 150,
  "scores": {
    "brain_0": 0.1058549874758634,
    "brain_1": 0.09554813919718376,
    "brain_2": 0.12606804706995986,
    "brain_3": 0.672528826256993
  }
}