{
  "brain_00": 0.6038597126838386,
  "0.7531296400421388": 0.927688179260447,
  "0.29790811199702005": 0.9639291776347292,
  "brain_01": 0.7863292773024713,
  "brain_02": 0.546662505010395,
  "wink_brain": 0.9116541983037644,
  "0.5604558440605115": 0.023706248771621176,
  "0.9541768124647374": 0.3363556013390798,
  "0.8862474953482438": 0.9797749084989776,
  "0.2536335106549096": 0.5428142467035586,
  "0.741798268022714": 0.5140418285815971,
  "0.2833540130704817": 0.07434412438447831,
  "0.7428843994925323": 0.6764600962746007,
  "0.2603215302940437": 0.321557962206488
}