{
  "weights": {
    "brain_00": 0.004282156679158872,
    "0.5646790851343981": 0.007394506983108702,
    "14": 0.009205016903082253,
    "0.07169114586540828": 0.005832978302731951,
    "brain_01": 0.0022851359645923133,
    "0.39158849618033265": 0.0034999707615645417,
    "27": 0.005100177436260556,
    "0.07162456027789955": 0.007079839942287833,
    "brain_02": 0.00208337017434547,
    "0.23550366204653173": 0.004152411396107215,
    "67": 0.00918812887103727,
    "0.0716045845393901": 0.008709696549335476,
    "wink_brain": 0.007682688241492429,
    "0.24920505117533853": 0.007291396209767726,
    "82": 0.00776908966861266,
    "0.07159055394398049": 0.00549164856863641,
    "0.884415338240187": 0.0018031317049077694,
    "75": 0.0022151245279569973,
    "0.07005218428182175": 0.00888765524218638,
    "0.963396310134391": 0.0038322397380428437,
    "62": 0.0035718906614484658,
    "0.07009499413261899": 0.001317447214701391,
    "0.7091946434359458": 0.002386009876552071,
    "63": 0.007046209310423885,
    "0.07011425852336496": 0.003183809865785524,
    "0.18298558440264112": 0.0022630314705867406,
    "78": 0.0013166945440430146,
    "0.07013185806736244": 0.0072595505418791275,
    "0.5442845585613204": 0.009038860682008452,
    "65": 0.007292821785466721,
    "0.8777485148172586": 0.006694038584044713,
    "0.3152958279398189": 0.009882973400119122,
    "57": 0.007765177668953998,
    "0.8777012187003624": 0.008245911783999653,
    "0.9007189856133709": 0.0076116061495382255,
    "22": 0.00179192871554976,
    "0.8776799669363323": 0.006600949227235354,
    "0.3109014518884504": 0.009474316480742118,
    "93": 0.0020799150040911813,
    "0.877656656565341": 0.0008638777238243959,
    "0.09975200430213516": 0.005292583785142575,
    "41": 0.0021070979097231463,
    "-0.8012742524509741": 0.009557773497181727,
    "0.6755990353602244": 0.009486068187695047,
    "35": 4.2713795544108165e-05,
    "-0.8013839331224067": 0.0019328279270004111,
    "0.6178985911284327": 0.003723877203246957,
    "50": 0.009751594673850285,
    "-0.8014160192523231": 0.00925999716058462,
    "0.06712230360800464": 0.0059392816645857,
    "-0.8014428272278898": 0.004259881435019282,
    "0.691496995801666": 0.004455758797939867,
    "59": 0.0038156828260255105,
    "0.8779833111662196": 0.0007796473401880943,
    "0.005710393644692835": 0.006583510181007711,
    "55": 0.00458239489156209,
    "0.8780290728367549": 0.007294837242417816,
    "0.16298534019742628": 0.00362920127789494,
    "17": 0.005504446491223476,
    "0.8780499539246626": 0.0036712772134854187,
    "0.89429653593307": 0.0035558264793764164,
    "92": 0.002728786098290454,
    "0.8780698065236244": 0.007321454658114487,
    "0.39630875172475555": 0.002552540282633514,
    "90": 0.0017093348528533835,
    "0.08091772346059971": 0.006182900048414527,
    "0.104946931961447": 0.007922251761861461,
    "72": 0.009294708460372312,
    "0.08096667653413885": 0.0021579210878800237,
    "0.9923391278887072": 0.0035447696963131613,
    "0.08098521211295545": 0.0037403677055679427,
    "0.9595154179946209": 0.0012302895931549842,
    "23": 0.006997148854172973,
    "0.08099804442034517": 0.00026684726112123256,
    "0.44235595089084623": 0.0071761631549276455,
    "91": 0.008173885773217081,
    "0.8724959423679045": 0.0028092206966378766,
    "0.5206703338001446": 0.001416885003592421,
    "47": 0.001765882780051125,
    "0.8724524857570607": 0.0034830794926198486,
    "0.10082880228954227": 0.004275465324260169,
    "46": 0.009641393007507411,
    "0.8724304635536251": 0.0051715090350067435,
    "0.6613102171350064": 0.00044280865407032936,
    "54": 0.004382694734256741,
    "0.8724099545120295": 0.004017973337672262,
    "0.6612015351638594": 0.004677782899111188,
    "-0.8077211292825123": 0.0017237811772138072,
    "0.28609220376650024": 0.003888727121055347,
    "11": 0.007539330881466759,
    "-0.8077812861209168": 0.005217947926838156,
    "0.43643276811612053": 0.003081423533071943,
    "7": 0.009050487573847465,
    "-0.8078079885637082": 0.007548971581926211,
    "0.7607583834888051": 0.005476065432843821,
    "18": 0.00682121617636229,
    "-0.8078370782856606": 0.00023609451925320725,
    "0.14223262935172887": 0.009839209671489818,
    "77": 0.0023236753827566513,
    "0.8830791096082362": 0.009296006811723805,
    "0.7397289145836095": 0.0075115098383591854,
    "3": 0.008898532656464175,
    "0.8831014829544556": 0.007440972253060383,
    "0.8711840642590643": 0.009605669067324163,
    "19": 0.004867380435677496,
    "0.8831085301426476": 0.0017310078148869395,
    "0.2578842360066492": 0.0014549933535334659,
    "0.8831162482630138": 0.0023077691661306165,
    "0.1534382491886369": 0.0016784791818047684,
    "73": 0.0017618131430956376,
    "0.058855984008619466": 0.006474662478973479,
    "0.37074365764304773": 0.009534854397633349,
    "0.05875673551752462": 0.0010296027095275896,
    "0.6374542247449113": 0.0019080345593092648,
    "64": 0.00831157147799657,
    "0.05871246621903022": 0.0021376395853638925,
    "0.28295984148668163": 0.004356308180042469,
    "0.058665816725786434": 0.006833759615258955,
    "0.0026547338696817357": 0.008447874885525728,
    "20": 0.004119639658169794,
    "0.08625457187418469": 0.0019058209797631106,
    "0.25056648795593917": 0.00398299293597574,
    "74": 0.00876101048768706,
    "0.0863046906000767": 0.004580087721164103,
    "0.4638520725819817": 0.003859579085219998,
    "0.08632274278908147": 0.004004590841002562,
    "0.6857509587667463": 0.0020586413238921192,
    "28": 0.0022195803130648636,
    "0.08634103247798494": 0.009408375312080072,
    "0.8205849240798722": 0.006162846521431364,
    "0.8698723461839891": 0.007131731925153034,
    "0.851778714447818": 0.00034815751916178646,
    "4": 0.004500416834979764,
    "0.8698463539669746": 0.0017011684140717182,
    "0.9633684952004486": 0.007109558665832497,
    "8": 0.009860841251836384,
    "0.8698368268030313": 0.006478880310671566,
    "0.9563390007455987": 0.00408478713369839,
    "9": 0.005582682020747712,
    "0.8698267111874873": 0.0066970145118835575,
    "0.4630639172375681": 0.0038345251777547012,
    "49": 0.009785569088809254,
    "-0.8108543039747207": 0.0023650006350184,
    "0.31435135148400717": 0.0074428337288803235,
    "42": 0.007070714858851799,
    "-0.8109304826747751": 0.0020777803535261064,
    "0.7887949876453488": 0.004191429103004945,
    "34": 0.0009165393353782588,
    "-0.8109648004558115": 0.004828077349124224,
    "0.06055652992520466": 0.007300809482513074,
    "69": 0.006701943622335437,
    "-0.8109914436384007": 0.006255484470294158,
    "0.36074476032133984": 0.008877826165351004,
    "21": 0.004572794267588113,
    "0.8856017773170541": 0.008438686368960486,
    "0.45435254232924116": 0.008702499041571025,
    "0.8856224833961706": 0.008151564583687564,
    "0.3405507967210447": 0.0002826703755160727,
    "86": 0.003531703865959138,
    "0.8856311196361635": 0.005302451512952239,
    "0.8821648688291333": 0.008519226800793953,
    "87": 0.004735476907537358,
    "0.885637209108442": 0.0009757705525448661,
    "0.6960971028213084": 0.0053324752413070105,
    "96": 0.0012504764103962755,
    "0.05352218528007351": 0.009360019459794101,
    "0.3045763772354454": 0.007202797301676557,
    "1": 0.007814931135743781,
    "0.05347623639246518": 0.0049780078270580735,
    "0.0852126205078404": 0.008160540082106342,
    "0.053461475585883364": 0.0024829227031439157,
    "0.7782876667452824": 0.004861598823859044,
    "85": 0.002914262513594601,
    "0.053435525107283055": 0.0005529008242260141,
    "0.4566830563562061": 0.0058479377145658614,
    "0.08936958886070707": 0.007330326896495706,
    "0.8134992727305624": 0.0014005437163741035,
    "43": 0.006753434186958242,
    "0.08941993123216235": 0.004481897676018577,
    "0.3422965578224192": 0.008592534287381822,
    "0.08943512888431886": 0.0008100579266459927,
    "0.30115837008305835": 0.0038625180054399763,