{
  "brain_00": 0.4894912319378046,
  "99.02": 0.5003954447295816,
  "7": 0.5003954447295816,
  "0.46": 0.5003954447295816,
  "brain_01": 0.4782462252828533,
  "brain_02": 0.5183899563508073,
  "wink_brain": 0.5704510102551925,
  "77.24": 0.500348057106529,
  "16": 0.5003753827572498,
  "0.6": 0.500348057106529,
  "11.01": 0.5001680284249982,
  "48": 0.5001680284249982,
  "0.3": 0.5001680284249982,
  "38.33": 0.5000273256507208,
  "0.7": 0.5000273256507208,
  "49.06": 0.49947222635745436,
  "46": 0.49947222635745436,
  "0.43": 0.49947222635745436,
  "5.75": 0.49989098798828047,
  "33": 0.49989098798828047,
  "0.73": 0.49989098798828047,
  "82.67": 0.5002072676834859,
  "8": 0.5002654099170646,
  "0.44": 0.5002072676834859,
  "80.38": 0.5000581422335786,
  "0.92": 0.5000899205648703,
  "84.09": 0.5000317783312918,
  "24": 0.49999830406363777,
  "63.2": 0.499966525732346,
  "0.11": 0.499966525732346
}