{
  "brain_00": 0.10275010182115187,
  "0.03982508107299776": 0.007673460992425188,
  "27": 0.009689980085693857,
  "0.2173795318940085": 0.004803484468010151,
  "brain_01": 0.15397573635111345,
  "0.861770183339607": 0.009778887922958838,
  "24": 0.01109273769480902,
  "0.21730157090081664": 0.00888014491142317,
  "brain_02": 0.11793933980423349,
  "0.5990520740095705": 0.009411348836618995,
  "13": 0.008122077616582889,
  "0.21727690235752373": 0.006154019168298591,
  "wink_brain": 0.13184111367630252,
  "0.276828539643996": 0.002254993184028459,
  "34": 0.006825739437015846,
  "0.21725991356305185": 0.005154131451996499,
  "0.5175189089349764": 0.001904980421386971,
  "2": 0.007483683632677983,
  "-0.9779505153254375": 0.002365382909057598,
  "0.4232759254658719": 0.003817850513589696,
  "6": 0.003028833662986391,
  "-0.9779375679003789": 0.004469293056700829,
  "0.6134085042705709": 0.010706208552728889,
  "-0.9779293493161422": 0.010473717919592325,
  "0.44378580029496484": 0.009179180647157614,
  "41": 0.010935166174165152,
  "-0.9779245668979865": 0.007113142034442435,
  "0.4442562437869695": 0.008577921487058994,
  "11": 0.002862711248391781,
  "0.5972388838764751": 0.006516188002735133,
  "0.5272893422106414": 0.009083714764036736,
  "23": 0.00473939702838023,
  "0.5972966328275703": 0.00303566364077835,
  "0.8872876048766875": 0.003072506759656753,
  "14": 0.009455530235722216,
  "0.5973220643305154": 0.005237280149717412,
  "0.15740343736771345": 0.006234316606354425,
  "0.5973471128177154": 0.004916306669889518,
  "0.20700206943917454": 0.00671946130055507,
  "45": 0.009822986562224002,
  "0.48041404351062": 0.007109590705893413,
  "0.326126879602459": 0.0007153660906673665,
  "12": 0.008597431441756823,
  "0.48018004008803655": 0.008479006436399995,
  "0.01299714527488982": 0.004380055338513994,
  "39": 0.009445831391537587,
  "0.47998114167980355": 0.005703144499341803,
  "0.8644542096078356": 0.010159152890527455,
  "22": 0.010269861572226795,
  "0.47981736137655373": 0.004497036742464916,
  "0.6929344137515925": 0.004685302580321644,
  "35": 0.00839897677614435,
  "0.7984566974279724": 0.003675230229762067,
  "0.23022023706523242": 0.008123813329441426,
  "40": 0.009360583771774973,
  "0.7985878744311495": 0.0018323877100947601,
  "0.41908945946378995": 0.008916168350017196,
  "0.7986850128191058": 0.0021833690458317135,
  "0.4216817117934878": 0.0014920220586603073,
  "0.798772950307131": 0.003666052810290945
}