{"identity_vector": {"kernel_4037": 0.006091417795453854, "kernel_7691": 0.9939085816768236}, "stability": 0.1, "dominant_nodes": []}