{
  "nodes": {
    "py_node_4231": {
      "type": "python",
      "last_seen": 1776372483.0509691,
      "load": 0.5
    },
    "node_js_4230": {
      "type": "js",
      "last_seen": 1776372483113,
      "load": 0.4636016190076486
    },
    "py_node_5202": {
      "type": "python",
      "last_seen": 1776372483.6726618,
      "load": 0.5
    },
    "node_js_5200": {
      "type": "js",
      "last_seen": 1776372483851,
      "load": 0.0376266577843678
    },
    "py_node_7073": {
      "type": "python",
      "last_seen": 1776372484.3039558,
      "load": 0.5
    },
    "node_js_7072": {
      "type": "js",
      "last_seen": 1776372484451,
      "load": 0.21604880808145155
    }
  }
}