{
  "nodes": {
    "py_node_4231": {
      "type": "python",
      "last_seen": 1776372436.9834974,
      "load": 0.5
    },
    "node_js_4230": {
      "type": "js",
      "last_seen": 1776372437077,
      "load": 0.5580220087882436
    },
    "py_node_5202": {
      "type": "python",
      "last_seen": 1776372437.626196,
      "load": 0.5
    },
    "node_js_5200": {
      "type": "js",
      "last_seen": 1776372437815,
      "load": 0.569774361750628
    },
    "py_node_7073": {
      "type": "python",
      "last_seen": 1776372436.2574887,
      "load": 0.5
    },
    "node_js_7072": {
      "type": "js",
      "last_seen": 1776372436404,
      "load": 0.6615087489237882
    }
  }
}