{
  "nodes": {
    "py_node_4231": {
      "type": "python",
      "last_seen": 1776372461.0199065,
      "load": 0.5
    },
    "node_js_4230": {
      "type": "js",
      "last_seen": 1776372461094,
      "load": 0.261987074180129
    },
    "py_node_5202": {
      "type": "python",
      "last_seen": 1776372461.647397,
      "load": 0.5
    },
    "node_js_5200": {
      "type": "js",
      "last_seen": 1776372461833,
      "load": 0.09889312032005049
    },
    "py_node_7073": {
      "type": "python",
      "last_seen": 1776372460.2804098,
      "load": 0.5
    },
    "node_js_7072": {
      "type": "js",
      "last_seen": 1776372460431,
      "load": 0.1598071919654478
    }
  }
}