{
  "nodes": {
    "py_node_4231": {
      "type": "python",
      "last_seen": 1776372400.9396973,
      "load": 0.5
    },
    "node_js_4230": {
      "type": "js",
      "last_seen": 1776372401042,
      "load": 0.1317164108313973
    },
    "py_node_5202": {
      "type": "python",
      "last_seen": 1776372401.58035,
      "load": 0.5
    },
    "node_js_5200": {
      "type": "js",
      "last_seen": 1776372401787,
      "load": 0.37299913897469783
    },
    "py_node_7073": {
      "type": "python",
      "last_seen": 1776372400.216563,
      "load": 0.5
    },
    "node_js_7072": {
      "type": "js",
      "last_seen": 1776372400367,
      "load": 0.9465294848395883
    }
  }
}