{
  "nodes": {
    "py_node_4231": {
      "type": "python",
      "last_seen": 1776372424.9728456,
      "load": 0.5
    },
    "node_js_4230": {
      "type": "js",
      "last_seen": 1776372425065,
      "load": 0.397248181562772
    },
    "py_node_5202": {
      "type": "python",
      "last_seen": 1776372425.6173995,
      "load": 0.5
    },
    "node_js_5200": {
      "type": "js",
      "last_seen": 1776372425803,
      "load": 0.22014705698943193
    },
    "py_node_7073": {
      "type": "python",
      "last_seen": 1776372424.2444174,
      "load": 0.5
    },
    "node_js_7072": {
      "type": "js",
      "last_seen": 1776372424393,
      "load": 0.646935090414929
    }
  }
}