{
  "nodes": {
    "py_node_4231": {
      "type": "python",
      "last_seen": 1776372473.0424056,
      "load": 0.5
    },
    "node_js_4230": {
      "type": "js",
      "last_seen": 1776372473104,
      "load": 0.9906079179321764
    },
    "py_node_5202": {
      "type": "python",
      "last_seen": 1776372473.6637547,
      "load": 0.5
    },
    "node_js_5200": {
      "type": "js",
      "last_seen": 1776372473843,
      "load": 0.8710854753168358
    },
    "py_node_7073": {
      "type": "python",
      "last_seen": 1776372472.2924662,
      "load": 0.5
    },
    "node_js_7072": {
      "type": "js",
      "last_seen": 1776372472440,
      "load": 0.3325963203525981
    }
  }
}