{
  "nodes": {
    "py_node_4231": {
      "type": "python",
      "last_seen": 1776372346.8862755,
      "load": 0.5
    },
    "node_js_4230": {
      "type": "js",
      "last_seen": 1776372346990,
      "load": 0.7150343558878387
    },
    "py_node_5202": {
      "type": "python",
      "last_seen": 1776372347.529855,
      "load": 0.5
    },
    "node_js_5200": {
      "type": "js",
      "last_seen": 1776372347727,
      "load": 0.05483887151309241
    }
  }
}