{
  "nodes": {
    "py_node_4231": {
      "type": "python",
      "last_seen": 1776372376.9193027,
      "load": 0.5
    },
    "node_js_4230": {
      "type": "js",
      "last_seen": 1776372377021,
      "load": 0.8221944172044551
    },
    "py_node_5202": {
      "type": "python",
      "last_seen": 1776372377.5538714,
      "load": 0.5
    },
    "node_js_5200": {
      "type": "js",
      "last_seen": 1776372377763,
      "load": 0.18695961405629535
    }
  }
}