{
  "nodes": {
    "py_node_4231": {
      "type": "python",
      "last_seen": 1776372533.1216295,
      "load": 0.5
    },
    "node_js_4230": {
      "type": "js",
      "last_seen": 1776372533163,
      "load": 0.21171179592220968
    },
    "py_node_5202": {
      "type": "python",
      "last_seen": 1776372533.730103,
      "load": 0.5
    },
    "node_js_5200": {
      "type": "js",
      "last_seen": 1776372531895,
      "load": 0.12951208134784076
    },
    "py_node_7073": {
      "type": "python",
      "last_seen": 1776372532.3632233,
      "load": 0.5
    },
    "node_js_7072": {
      "type": "js",
      "last_seen": 1776372532494,
      "load": 0.165576219260135
    },
    "py_node_12189": {
      "type": "python",
      "last_seen": 1776372532.5184152,
      "load": 0.5
    },
    "node_js_12188": {
      "type": "js",
      "last_seen": 1776372532806,
      "load": 0.8099354245803125
    }
  }
}