{
  "nodes": {
    "py_node_4231": {
      "type": "python",
      "last_seen": 1776372501.0756361,
      "load": 0.5
    },
    "node_js_4230": {
      "type": "js",
      "last_seen": 1776372501129,
      "load": 0.19101883245584894
    },
    "py_node_5202": {
      "type": "python",
      "last_seen": 1776372499.688683,
      "load": 0.5
    },
    "node_js_5200": {
      "type": "js",
      "last_seen": 1776372499863,
      "load": 0.42242786415862077
    },
    "py_node_7073": {
      "type": "python",
      "last_seen": 1776372500.3173292,
      "load": 0.5
    },
    "node_js_7072": {
      "type": "js",
      "last_seen": 1776372500470,
      "load": 0.8209125725378196
    },
    "py_node_12189": {
      "type": "python",
      "last_seen": 1776372500.477476,
      "load": 0.5
    },
    "node_js_12188": {
      "type": "js",
      "last_seen": 1776372500773,
      "load": 0.4216910698406151
    }
  }
}