{
  "nodes": {
    "py_node_4231": {
      "type": "python",
      "last_seen": 1776372497.0699663,
      "load": 0.5
    },
    "node_js_4230": {
      "type": "js",
      "last_seen": 1776372497124,
      "load": 0.3925831950787515
    },
    "py_node_5202": {
      "type": "python",
      "last_seen": 1776372497.6869183,
      "load": 0.5
    },
    "node_js_5200": {
      "type": "js",
      "last_seen": 1776372497862,
      "load": 0.5599079814626602
    },
    "py_node_7073": {
      "type": "python",
      "last_seen": 1776372496.3150654,
      "load": 0.5
    },
    "node_js_7072": {
      "type": "js",
      "last_seen": 1776372496463,
      "load": 0.9901833608018079
    },
    "py_node_12189": {
      "type": "python",
      "last_seen": 1776372496.4744344,
      "load": 0.5
    },
    "node_js_12188": {
      "type": "js",
      "last_seen": 1776372496767,
      "load": 0.9554428944500301
    }
  }
}