{
  "nodes": {
    "py_node_4231": {
      "type": "python",
      "last_seen": 1776372388.927653,
      "load": 0.5
    },
    "node_js_4230": {
      "type": "js",
      "last_seen": 1776372389032,
      "load": 0.06620909384529405
    },
    "py_node_5202": {
      "type": "python",
      "last_seen": 1776372389.5647595,
      "load": 0.5
    },
    "node_js_5200": {
      "type": "js",
      "last_seen": 1776372389775,
      "load": 0.24823162143952715
    },
    "py_node_7073": {
      "type": "python",
      "last_seen": 1776372388.198361,
      "load": 0.5
    },
    "node_js_7072": {
      "type": "js",
      "last_seen": 1776372388354,
      "load": 0.8048387028765636
    }
  }
}