{
  "nodes": {
    "py_node_4231": {
      "type": "python",
      "last_seen": 1776372364.90682,
      "load": 0.5
    },
    "node_js_4230": {
      "type": "js",
      "last_seen": 1776372365010,
      "load": 0.6638591924000651
    },
    "py_node_5202": {
      "type": "python",
      "last_seen": 1776372365.5436802,
      "load": 0.5
    },
    "node_js_5200": {
      "type": "js",
      "last_seen": 1776372365753,
      "load": 0.8973144810233814
    }
  }
}