{
  "nodes": {
    "py_node_4231": {
      "type": "python",
      "last_seen": 1776372342.8803637,
      "load": 0.5
    },
    "node_js_4230": {
      "type": "js",
      "last_seen": 1776372340982,
      "load": 0.707543073702243
    }
  }
}