{
  "nodes": {
    "py_node_4231": {
      "type": "python",
      "last_seen": 1776372521.1040313,
      "load": 0.5
    },
    "node_js_4230": {
      "type": "js",
      "last_seen": 1776372521150,
      "load": 0.5414759762799018
    },
    "py_node_5202": {
      "type": "python",
      "last_seen": 1776372521.7109907,
      "load": 0.5
    },
    "node_js_5200": {
      "type": "js",
      "last_seen": 1776372521885,
      "load": 0.9519125464479363
    },
    "py_node_7073": {
      "type": "python",
      "last_seen": 1776372520.3470407,
      "load": 0.5
    },
    "node_js_7072": {
      "type": "js",
      "last_seen": 1776372520485,
      "load": 0.9278159071336015
    },
    "py_node_12189": {
      "type": "python",
      "last_seen": 1776372520.5021803,
      "load": 0.5
    },
    "node_js_12188": {
      "type": "js",
      "last_seen": 1776372520792,
      "load": 0.6288326338578064
    }
  }
}