{
  "nodes": {
    "py_node_4231": {
      "type": "python",
      "last_seen": 1776372545.134091,
      "load": 0.5
    },
    "node_js_4230": {
      "type": "js",
      "last_seen": 1776372545175,
      "load": 0.24432977338923967
    },
    "py_node_5202": {
      "type": "python",
      "last_seen": 1776372543.7429385,
      "load": 0.5
    },
    "node_js_5200": {
      "type": "js",
      "last_seen": 1776372543910,
      "load": 0.10363411003306033
    },
    "py_node_7073": {
      "type": "python",
      "last_seen": 1776372544.376499,
      "load": 0.5
    },
    "node_js_7072": {
      "type": "js",
      "last_seen": 1776372544504,
      "load": 0.5464844430933418
    },
    "py_node_12189": {
      "type": "python",
      "last_seen": 1776372544.5416486,
      "load": 0.5
    },
    "node_js_12188": {
      "type": "js",
      "last_seen": 1776372544816,
      "load": 0.32095734007464227
    }
  }
}