{
  "nodes": {
    "py_node_4231": {
      "type": "python",
      "last_seen": 1776372330.87279,
      "load": 0.5
    },
    "node_js_4230": {
      "type": "js",
      "last_seen": 1776372330972,
      "load": 0.23723216061155505
    }
  }
}