{
  "nodes": {
    "py_node_4231": {
      "type": "python",
      "last_seen": 1776372557.1404827,
      "load": 0.5
    },
    "node_js_4230": {
      "type": "js",
      "last_seen": 1776372557187,
      "load": 0.5903767798772535
    },
    "py_node_5202": {
      "type": "python",
      "last_seen": 1776372555.7546775,
      "load": 0.5
    },
    "node_js_5200": {
      "type": "js",
      "last_seen": 1776372555920,
      "load": 0.09910918539125113
    },
    "py_node_7073": {
      "type": "python",
      "last_seen": 1776372556.3887563,
      "load": 0.5
    },
    "node_js_7072": {
      "type": "js",
      "last_seen": 1776372556514,
      "load": 0.513543125033924
    },
    "py_node_12189": {
      "type": "python",
      "last_seen": 1776372556.5515594,
      "load": 0.5
    },
    "node_js_12188": {
      "type": "js",
      "last_seen": 1776372556827,
      "load": 0.2905288949760839
    }
  }
}