{
  "nodes": {
    "py_node_4231": {
      "type": "python",
      "last_seen": 1776372583.1659193,
      "load": 0.5
    },
    "node_js_4230": {
      "type": "js",
      "last_seen": 1776372583210,
      "load": 0.319430515776697
    },
    "py_node_5202": {
      "type": "python",
      "last_seen": 1776372583.785829,
      "load": 0.5
    },
    "node_js_5200": {
      "type": "js",
      "last_seen": 1776372583954,
      "load": 0.9464281069283691
    },
    "py_node_7073": {
      "type": "python",
      "last_seen": 1776372582.4141538,
      "load": 0.5
    },
    "node_js_7072": {
      "type": "js",
      "last_seen": 1776372582542,
      "load": 0.12562477790110582
    },
    "py_node_12189": {
      "type": "python",
      "last_seen": 1776372582.578168,
      "load": 0.5
    },
    "node_js_12188": {
      "type": "js",
      "last_seen": 1776372582848,
      "load": 0.2037719987461768
    },
    "py_node_16266": {
      "type": "python",
      "last_seen": 1776372584.0629108,
      "load": 0.5
    },
    "node_js_16265": {
      "type": "js",
      "last_seen": 1776372582249,
      "load": 0.11141253269346252
    },
    "py_node_16938": {
      "type": "python",
      "last_seen": 1776373124.7479074,
      "load": 0.5
    },
    "node_js_16937": {
      "type": "js",
      "last_seen": 1776372864371,
      "load": 0.12058040926355507
    }
  }
}