{
  "nodes": {
    "py_node_4231": {
      "type": "python",
      "last_seen": 1776372579.1626606,
      "load": 0.5
    },
    "node_js_4230": {
      "type": "js",
      "last_seen": 1776372579208,
      "load": 0.20800241634918115
    },
    "py_node_5202": {
      "type": "python",
      "last_seen": 1776372579.783116,
      "load": 0.5
    },
    "node_js_5200": {
      "type": "js",
      "last_seen": 1776372579950,
      "load": 0.545388642050665
    },
    "py_node_7073": {
      "type": "python",
      "last_seen": 1776372580.412805,
      "load": 0.5
    },
    "node_js_7072": {
      "type": "js",
      "last_seen": 1776372580539,
      "load": 0.6038925479157747
    },
    "py_node_12189": {
      "type": "python",
      "last_seen": 1776372580.5774329,
      "load": 0.5
    },
    "node_js_12188": {
      "type": "js",
      "last_seen": 1776372580847,
      "load": 0.7311092201069594
    },
    "py_node_16266": {
      "type": "python",
      "last_seen": 1776372580.0607095,
      "load": 0.5
    },
    "node_js_16265": {
      "type": "js",
      "last_seen": 1776372580247,
      "load": 0.8666855143804277
    }
  }
}