{
  "nodes": {
    "py_node_4231": {
      "type": "python",
      "last_seen": 1776372569.1505063,
      "load": 0.5
    },
    "node_js_4230": {
      "type": "js",
      "last_seen": 1776372569198,
      "load": 0.11282143785989573
    },
    "py_node_5202": {
      "type": "python",
      "last_seen": 1776372567.7676775,
      "load": 0.5
    },
    "node_js_5200": {
      "type": "js",
      "last_seen": 1776372567932,
      "load": 0.7606045193083849
    },
    "py_node_7073": {
      "type": "python",
      "last_seen": 1776372568.3998492,
      "load": 0.5
    },
    "node_js_7072": {
      "type": "js",
      "last_seen": 1776372568528,
      "load": 0.32154748716637827
    },
    "py_node_12189": {
      "type": "python",
      "last_seen": 1776372568.562409,
      "load": 0.5
    },
    "node_js_12188": {
      "type": "js",
      "last_seen": 1776372568839,
      "load": 0.745990336225181
    }
  }
}