{
  "nodes": {
    "py_node_4231": {
      "type": "python",
      "last_seen": 1776372509.0845373,
      "load": 0.5
    },
    "node_js_4230": {
      "type": "js",
      "last_seen": 1776372509136,
      "load": 0.7729036186542257
    },
    "py_node_5202": {
      "type": "python",
      "last_seen": 1776372509.6966696,
      "load": 0.5
    },
    "node_js_5200": {
      "type": "js",
      "last_seen": 1776372509872,
      "load": 0.902174204263015
    },
    "py_node_7073": {
      "type": "python",
      "last_seen": 1776372508.3273895,
      "load": 0.5
    },
    "node_js_7072": {
      "type": "js",
      "last_seen": 1776372508476,
      "load": 0.5250196660560834
    },
    "py_node_12189": {
      "type": "python",
      "last_seen": 1776372508.4893396,
      "load": 0.5
    },
    "node_js_12188": {
      "type": "js",
      "last_seen": 1776372508782,
      "load": 0.7213643676008641
    }
  }
}