{
  "nodes": {
    "py_node_4231": {
      "type": "python",
      "last_seen": 1776372398.9364402,
      "load": 0.5
    },
    "node_js_4230": {
      "type": "js",
      "last_seen": 1776372399041,
      "load": 0.4316453152701085
    },
    "py_node_5202": {
      "type": "python",
      "last_seen": 1776372399.5774953,
      "load": 0.5
    },
    "node_js_5200": {
      "type": "js",
      "last_seen": 1776372399785,
      "load": 0.6020586022383392
    },
    "py_node_7073": {
      "type": "python",
      "last_seen": 1776372400.216563,
      "load": 0.5
    },
    "node_js_7072": {
      "type": "js",
      "last_seen": 1776372400367,
      "load": 0.9465294848395883
    }
  }
}