{
  "nodes": {
    "py_node_4231": {
      "type": "python",
      "last_seen": 1776372448.9997978,
      "load": 0.5
    },
    "node_js_4230": {
      "type": "js",
      "last_seen": 1776372449085,
      "load": 0.7935868786030732
    },
    "py_node_5202": {
      "type": "python",
      "last_seen": 1776372449.6352832,
      "load": 0.5
    },
    "node_js_5200": {
      "type": "js",
      "last_seen": 1776372449825,
      "load": 0.4332927239697988
    },
    "py_node_7073": {
      "type": "python",
      "last_seen": 1776372448.2678125,
      "load": 0.5
    },
    "node_js_7072": {
      "type": "js",
      "last_seen": 1776372448419,
      "load": 0.47351588663258215
    }
  }
}