{
  "nodes": {
    "py_node_4231": {
      "type": "python",
      "last_seen": 1776372382.92297,
      "load": 0.5
    },
    "node_js_4230": {
      "type": "js",
      "last_seen": 1776372383027,
      "load": 0.12623747934849872
    },
    "py_node_5202": {
      "type": "python",
      "last_seen": 1776372381.556642,
      "load": 0.5
    },
    "node_js_5200": {
      "type": "js",
      "last_seen": 1776372381766,
      "load": 0.3000204710369865
    },
    "py_node_7073": {
      "type": "python",
      "last_seen": 1776372382.1935482,
      "load": 0.5
    },
    "node_js_7072": {
      "type": "js",
      "last_seen": 1776372382358,
      "load": 0.2314861333247471
    }
  }
}