{
  "nodes": {
    "py_node_4231": {
      "type": "python",
      "last_seen": 1776372451.0013263,
      "load": 0.5
    },
    "node_js_4230": {
      "type": "js",
      "last_seen": 1776372451087,
      "load": 0.6189654372873867
    },
    "py_node_5202": {
      "type": "python",
      "last_seen": 1776372449.6352832,
      "load": 0.5
    },
    "node_js_5200": {
      "type": "js",
      "last_seen": 1776372449825,
      "load": 0.4332927239697988
    },
    "py_node_7073": {
      "type": "python",
      "last_seen": 1776372450.2719243,
      "load": 0.5
    },
    "node_js_7072": {
      "type": "js",
      "last_seen": 1776372450421,
      "load": 0.13518502886505634
    }
  }
}