{
  "nodes": {
    "py_node_4231": {
      "type": "python",
      "last_seen": 1776372551.1375809,
      "load": 0.5
    },
    "node_js_4230": {
      "type": "js",
      "last_seen": 1776372551182,
      "load": 0.3387671795381514
    },
    "py_node_5202": {
      "type": "python",
      "last_seen": 1776372551.7506256,
      "load": 0.5
    },
    "node_js_5200": {
      "type": "js",
      "last_seen": 1776372551918,
      "load": 0.7775054557943364
    },
    "py_node_7073": {
      "type": "python",
      "last_seen": 1776372550.383976,
      "load": 0.5
    },
    "node_js_7072": {
      "type": "js",
      "last_seen": 1776372550509,
      "load": 0.5035639128597823
    },
    "py_node_12189": {
      "type": "python",
      "last_seen": 1776372550.5468862,
      "load": 0.5
    },
    "node_js_12188": {
      "type": "js",
      "last_seen": 1776372550826,
      "load": 0.6420136084646736
    }
  }
}