{
  "nodes": {
    "py_node_4231": {
      "type": "python",
      "last_seen": 1776372485.0523598,
      "load": 0.5
    },
    "node_js_4230": {
      "type": "js",
      "last_seen": 1776372485116,
      "load": 0.06634672954491216
    },
    "py_node_5202": {
      "type": "python",
      "last_seen": 1776372485.6742253,
      "load": 0.5
    },
    "node_js_5200": {
      "type": "js",
      "last_seen": 1776372485853,
      "load": 0.1637232147500599
    },
    "py_node_7073": {
      "type": "python",
      "last_seen": 1776372484.3039558,
      "load": 0.5
    },
    "node_js_7072": {
      "type": "js",
      "last_seen": 1776372484451,
      "load": 0.21604880808145155
    }
  }
}