{
  "nodes": {
    "py_node_4231": {
      "type": "python",
      "last_seen": 1776372416.9632757,
      "load": 0.5
    },
    "node_js_4230": {
      "type": "js",
      "last_seen": 1776372417057,
      "load": 0.7379097415732331
    },
    "py_node_5202": {
      "type": "python",
      "last_seen": 1776372415.6052432,
      "load": 0.5
    },
    "node_js_5200": {
      "type": "js",
      "last_seen": 1776372415798,
      "load": 0.7253904704442256
    },
    "py_node_7073": {
      "type": "python",
      "last_seen": 1776372416.2380676,
      "load": 0.5
    },
    "node_js_7072": {
      "type": "js",
      "last_seen": 1776372416383,
      "load": 0.5044741360578306
    }
  }
}