{
  "nodes": {
    "py_node_4231": {
      "type": "python",
      "last_seen": 1776372517.098012,
      "load": 0.5
    },
    "node_js_4230": {
      "type": "js",
      "last_seen": 1776372517146,
      "load": 0.00872943750766908
    },
    "py_node_5202": {
      "type": "python",
      "last_seen": 1776372517.7048082,
      "load": 0.5
    },
    "node_js_5200": {
      "type": "js",
      "last_seen": 1776372517879,
      "load": 0.791483630479074
    },
    "py_node_7073": {
      "type": "python",
      "last_seen": 1776372518.345331,
      "load": 0.5
    },
    "node_js_7072": {
      "type": "js",
      "last_seen": 1776372518483,
      "load": 0.33880815342261417
    },
    "py_node_12189": {
      "type": "python",
      "last_seen": 1776372518.5002635,
      "load": 0.5
    },
    "node_js_12188": {
      "type": "js",
      "last_seen": 1776372516789,
      "load": 0.39503833780741715
    }
  }
}