{
  "nodes": {
    "py_node_4231": {
      "type": "python",
      "last_seen": 1776372535.122866,
      "load": 0.5
    },
    "node_js_4230": {
      "type": "js",
      "last_seen": 1776372535167,
      "load": 0.4018542653560523
    },
    "py_node_5202": {
      "type": "python",
      "last_seen": 1776372533.730103,
      "load": 0.5
    },
    "node_js_5200": {
      "type": "js",
      "last_seen": 1776372533899,
      "load": 0.8729419649319256
    },
    "py_node_7073": {
      "type": "python",
      "last_seen": 1776372534.3657134,
      "load": 0.5
    },
    "node_js_7072": {
      "type": "js",
      "last_seen": 1776372534495,
      "load": 0.1414512704926707
    },
    "py_node_12189": {
      "type": "python",
      "last_seen": 1776372534.52131,
      "load": 0.5
    },
    "node_js_12188": {
      "type": "js",
      "last_seen": 1776372534808,
      "load": 0.7463422255783567
    }
  }
}