{
  "nodes": {
    "py_node_4231": {
      "type": "python",
      "last_seen": 1776372412.9594145,
      "load": 0.5
    },
    "node_js_4230": {
      "type": "js",
      "last_seen": 1776372413054,
      "load": 0.6569506826028139
    },
    "py_node_5202": {
      "type": "python",
      "last_seen": 1776372413.602473,
      "load": 0.5
    },
    "node_js_5200": {
      "type": "js",
      "last_seen": 1776372413796,
      "load": 0.27302768941691546
    },
    "py_node_7073": {
      "type": "python",
      "last_seen": 1776372412.2352965,
      "load": 0.5
    },
    "node_js_7072": {
      "type": "js",
      "last_seen": 1776372412380,
      "load": 0.5343968851096245
    }
  }
}