{
  "nodes": {
    "py_node_4231": {
      "type": "python",
      "last_seen": 1776372432.979739,
      "load": 0.5
    },
    "node_js_4230": {
      "type": "js",
      "last_seen": 1776372433073,
      "load": 0.8946919818637942
    },
    "py_node_5202": {
      "type": "python",
      "last_seen": 1776372433.623569,
      "load": 0.5
    },
    "node_js_5200": {
      "type": "js",
      "last_seen": 1776372433812,
      "load": 0.27059472696705955
    },
    "py_node_7073": {
      "type": "python",
      "last_seen": 1776372434.2552998,
      "load": 0.5
    },
    "node_js_7072": {
      "type": "js",
      "last_seen": 1776372432400,
      "load": 0.7292351434216571
    }
  }
}