{"avg_signal": 0.296746382714668, "instability_history": [], "coherence": 0.13246528970691035}