{"node":"js_worker","confidence":0.45850074855949674,"payload":{"value":65.34932256303809}}