{"node":"js_worker","confidence":0.601642927893196,"payload":{"value":54.08216893797647}}