{"node":"js_worker","confidence":0.8812509447253902,"payload":{"value":13.345053353784465}}