{"node":"js_worker","confidence":0.5055171087283182,"payload":{"value":92.17290054427602}}