{"node":"js_worker","confidence":0.6942256745276165,"payload":{"value":11.384172157904848}}