{"node":"js_worker","confidence":0.04429393192710307,"payload":{"value":14.895335717368862}}