{"node":"js_worker","confidence":0.46432073894103787,"payload":{"value":54.69712040348044}}