{"node":"js_worker","confidence":0.9545292056814523,"payload":{"value":98.61711301726785}}