{"node":"js_worker","confidence":0.8376491219173882,"payload":{"value":74.1019865695424}}