{"node":"js_worker","confidence":0.2138349252382742,"payload":{"value":24.938447885094593}}