{"node":"js_worker","confidence":0.34511144976856545,"payload":{"value":75.5523861704758}}