{"node":"js_worker","confidence":0.5995008575243388,"payload":{"value":75.37501556430217}}