{"node":"js_worker","confidence":0.9760440195982665,"payload":{"value":4.483130735582563}}