{"node":"js_worker","confidence":0.07424430812585492,"payload":{"value":86.92616311600749}}