{"node":"js_worker","confidence":0.15096666424531924,"payload":{"value":46.11604748894811}}