{"node":"js_worker","confidence":0.29757998413084863,"payload":{"value":38.57691726778639}}