{"node":"js_worker","confidence":0.6247106024149222,"payload":{"value":55.60959745353593}}