{"node":"js_worker","confidence":0.36175888183895855,"payload":{"value":71.3110769929823}}