{"node":"js_worker","confidence":0.1336899495075362,"payload":{"value":91.11985202307106}}