{"node":"js_worker","confidence":0.2720621342563099,"payload":{"value":49.15465452500213}}