{"node":"js_worker","confidence":0.7292180828463167,"payload":{"value":98.37576252700532}}