{"node":"js_worker","confidence":0.6540207944164448,"payload":{"value":87.1661544847551}}