{"node":"js_worker","confidence":0.9226540114877302,"payload":{"value":0.3485057964485949}}