{"node":"js_worker","confidence":0.7575846567520342,"payload":{"value":57.96012898934796}}