{"node":"js_worker","confidence":0.7019061417246653,"payload":{"value":26.813527339581977}}