{"node":"js_worker","confidence":0.0039304078211698235,"payload":{"value":97.02463564473474}}