{"node":"js_worker","confidence":0.09355963270234746,"payload":{"value":29.545427923351507}}