{"node":"js_worker","confidence":0.890668352255719,"payload":{"value":29.942752814954154}}