{"node":"js_worker","confidence":0.6881295860405777,"payload":{"value":17.213836176186803}}