{"node":"js_worker","confidence":0.09166994902568304,"payload":{"value":41.01878829967419}}