{"node":"js_worker","confidence":0.298173999452345,"payload":{"value":55.24500426006227}}