{"node":"js_worker","confidence":0.727773794805318,"payload":{"value":15.199190746262847}}