{"node":"js_worker","confidence":0.6835759161801996,"payload":{"value":93.25403510223586}}