{"node":"js_worker","confidence":0.05697343736084548,"payload":{"value":27.853751353119183}}