{"node":"js_worker","confidence":0.3115536724002508,"payload":{"value":64.49433448481247}}