{"node":"js_worker","confidence":0.22845168432006868,"payload":{"value":83.32570357446862}}