{"node":"js_worker","confidence":0.13654646333746723,"payload":{"value":96.54116507545089}}