{"node":"js_worker","confidence":0.7999768188685038,"payload":{"value":24.174995940215982}}