{"node":"js_worker","confidence":0.8393922383908434,"payload":{"value":90.04582443768507}}