{"node":"js_worker","confidence":0.13910859808290266,"payload":{"value":50.4511919619633}}