{"node":"js_worker","confidence":0.16990819327497408,"payload":{"value":1.2550838473674442}}