{"node":"js_worker","confidence":0.7179703138707428,"payload":{"value":68.65316258003578}}