{"node":"js_worker","confidence":0.09138884919253387,"payload":{"value":95.4565149884097}}