{"node":"js_worker","confidence":0.6430166613290117,"payload":{"value":6.677536071008272}}