{"node":"js_worker","confidence":0.5692009551846753,"payload":{"value":79.79258271366746}}