{"node":"js_worker","confidence":0.6952427530718527,"payload":{"value":82.62357305254278}}