{"node":"js_worker","confidence":0.0735505512563962,"payload":{"value":94.93635930852867}}