{"node":"js_worker","confidence":0.05592176778172808,"payload":{"value":26.31706517906177}}