{"node":"js_worker","confidence":0.2576755833362624,"payload":{"value":38.21909210576374}}