{"node":"js_worker","confidence":0.6831719311603567,"payload":{"value":84.62975461272202}}