{"node":"js_worker","confidence":0.3257302379360193,"payload":{"value":19.104204392943146}}