{"node":"js_worker","confidence":0.5209968154017267,"payload":{"value":25.504954683099278}}