{"node":"js_worker","confidence":0.2647625265174187,"payload":{"value":31.82860558620426}}