{"node":"js_worker","confidence":0.8297513432392047,"payload":{"value":69.23687131447848}}