{"node":"js_worker","confidence":0.3939250204808111,"payload":{"value":50.850344965384764}}