{"node":"js_worker","confidence":0.8477191795776039,"payload":{"value":18.045232077551955}}