{"node":"js_worker","confidence":0.9158502582360074,"payload":{"value":13.04921281131428}}