{"node":"js_worker","confidence":0.7022029893314006,"payload":{"value":89.41146543391993}}