{"node":"js_worker","confidence":0.2944189799489463,"payload":{"value":83.4873197708435}}