{"node":"js_worker","confidence":0.897067087147361,"payload":{"value":68.78882176571945}}