{"node":"js_worker","confidence":0.7453418144855469,"payload":{"value":68.50258800400645}}