{"node":"js_worker","confidence":0.3206388682279626,"payload":{"value":48.057882302877545}}