{"node":"js_worker","confidence":0.41212084478187083,"payload":{"value":0.5198233108685169}}